Obs,STP,,,,,,,,,,,,,,,,,,,,
1,2.7,,,,,,,,,,,,,,,,,,,,
2,3.2,,,,,,,,,,,,,,,,,,,,
3,3.5,,,,,,,,,,,,,,,,,,,,
4,3.5,,,,,,,,,,,,,,,,,,,,
5,3.5,,,,,,,,,,,,,,,,,,,,
6,3.6,,,,,,,,,,,,,,,,,,,,
7,3.6,,,,,,,,,,,,,,,,,,,,
8,3.6,,,,,,,,,,,,,,,,,,,,
9,3.6,,,,,,,,,,,,,,,,,,,,
10,3.6,,,,,,,,,,,,,,,,,,,,
11,3.6,,,,,,,,,,,,,,,,,,,,
12,3.7,,,,,,,,,,,,,,,,,,,,
13,3.8,,,,,,,,,,,,,,,,,,,,
14,3.8,,,,,,,,,,,,,,,,,,,,
15,3.8,,,,,,,,,,,,,,,,,,,,
16,3.8,,,,,,,,,,,,,,,,,,,,
17,3.9,,,,,,,,,,,,,,,,,,,,
18,3.9,,,,,,,,,,,,,,,,,,,,
19,4,,,,,,,,,,,,,,,,,,,,
20,4,,,,,,,,,,,,,,,,,,,,
21,4,,,,,,,,,,,,,,,,,,,,
22,4,,,,,,,,,,,,,,,,,,,,
23,4,,,,,,,,,,,,,,,,,,,,
24,4,,,,,,,,,,,,,,,,,,,,
25,4,,,,,,,,,,,,,,,,,,,,
26,4,,,,,,,,,,,,,,,,,,,,
27,4,,,,,,,,,,,,,,,,,,,,
28,4,,,,,,,,,,,,,,,,,,,,
29,4,,,,,,,,,,,,,,,,,,,,
30,4.1,,,,,,,,,,,,,,,,,,,,
31,4.1,,,,,,,,,,,,,,,,,,,,
32,4.1,,,,,,,,,,,,,,,,,,,,
33,4.1,,,,,,,,,,,,,,,,,,,,
34,4.1,,,,,,,,,,,,,,,,,,,,
35,4.1,,,,,,,,,,,,,,,,,,,,
36,4.1,,,,,,,,,,,,,,,,,,,,
37,4.1,,,,,,,,,,,,,,,,,,,,
38,4.1,,,,,,,,,,,,,,,,,,,,
39,4.1,,,,,,,,,,,,,,,,,,,,
40,4.1,,,,,,,,,,,,,,,,,,,,
41,4.1,,,,,,,,,,,,,,,,,,,,
42,4.1,,,,,,,,,,,,,,,,,,,,
43,4.1,,,,,,,,,,,,,,,,,,,,
44,4.1,,,,,,,,,,,,,,,,,,,,
45,4.1,,,,,,,,,,,,,,,,,,,,
46,4.1,,,,,,,,,,,,,,,,,,,,
47,4.1,,,,,,,,,,,,,,,,,,,,
48,4.2,,,,,,,,,,,,,,,,,,,,
49,4.2,,,,,,,,,,,,,,,,,,,,
50,4.2,,,,,,,,,,,,,,,,,,,,
51,4.2,,,,,,,,,,,,,,,,,,,,
52,4.2,,,,,,,,,,,,,,,,,,,,
53,4.2,,,,,,,,,,,,,,,,,,,,
54,4.2,,,,,,,,,,,,,,,,,,,,
55,4.2,,,,,,,,,,,,,,,,,,,,
56,4.2,,,,,,,,,,,,,,,,,,,,
57,4.2,,,,,,,,,,,,,,,,,,,,
58,4.2,,,,,,,,,,,,,,,,,,,,
59,4.2,,,,,,,,,,,,,,,,,,,,
60,4.2,,,,,,,,,,,,,,,,,,,,
61,4.2,,,,,,,,,,,,,,,,,,,,
62,4.2,,,,,,,,,,,,,,,,,,,,
63,4.2,,,,,,,,,,,,,,,,,,,,
64,4.2,,,,,,,,,,,,,,,,,,,,
65,4.2,,,,,,,,,,,,,,,,,,,,
66,4.2,,,,,,,,,,,,,,,,,,,,
67,4.2,,,,,,,,,,,,,,,,,,,,
68,4.2,,,,,,,,,,,,,,,,,,,,
69,4.2,,,,,,,,,,,,,,,,,,,,
70,4.2,,,,,,,,,,,,,,,,,,,,
71,4.2,,,,,,,,,,,,,,,,,,,,
72,4.2,,,,,,,,,,,,,,,,,,,,
73,4.2,,,,,,,,,,,,,,,,,,,,
74,4.2,,,,,,,,,,,,,,,,,,,,
75,4.2,,,,,,,,,,,,,,,,,,,,
76,4.2,,,,,,,,,,,,,,,,,,,,
77,4.3,,,,,,,,,,,,,,,,,,,,
78,4.3,,,,,,,,,,,,,,,,,,,,
79,4.3,,,,,,,,,,,,,,,,,,,,
80,4.3,,,,,,,,,,,,,,,,,,,,
81,4.3,,,,,,,,,,,,,,,,,,,,
82,4.3,,,,,,,,,,,,,,,,,,,,
83,4.3,,,,,,,,,,,,,,,,,,,,
84,4.3,,,,,,,,,,,,,,,,,,,,
85,4.3,,,,,,,,,,,,,,,,,,,,
86,4.3,,,,,,,,,,,,,,,,,,,,
87,4.3,,,,,,,,,,,,,,,,,,,,
88,4.3,,,,,,,,,,,,,,,,,,,,
89,4.3,,,,,,,,,,,,,,,,,,,,
90,4.3,,,,,,,,,,,,,,,,,,,,
91,4.3,,,,,,,,,,,,,,,,,,,,
92,4.3,,,,,,,,,,,,,,,,,,,,
93,4.3,,,,,,,,,,,,,,,,,,,,
94,4.3,,,,,,,,,,,,,,,,,,,,
95,4.3,,,,,,,,,,,,,,,,,,,,
96,4.3,,,,,,,,,,,,,,,,,,,,
97,4.3,,,,,,,,,,,,,,,,,,,,
98,4.3,,,,,,,,,,,,,,,,,,,,
99,4.3,,,,,,,,,,,,,,,,,,,,
100,4.3,,,,,,,,,,,,,,,,,,,,
101,4.3,,,,,,,,,,,,,,,,,,,,
102,4.3,,,,,,,,,,,,,,,,,,,,
103,4.3,,,,,,,,,,,,,,,,,,,,
104,4.3,,,,,,,,,,,,,,,,,,,,
105,4.3,,,,,,,,,,,,,,,,,,,,
106,4.4,,,,,,,,,,,,,,,,,,,,
107,4.4,,,,,,,,,,,,,,,,,,,,
108,4.4,,,,,,,,,,,,,,,,,,,,
109,4.4,,,,,,,,,,,,,,,,,,,,
110,4.4,,,,,,,,,,,,,,,,,,,,
111,4.4,,,,,,,,,,,,,,,,,,,,
112,4.4,,,,,,,,,,,,,,,,,,,,
113,4.4,,,,,,,,,,,,,,,,,,,,
114,4.4,,,,,,,,,,,,,,,,,,,,
115,4.4,,,,,,,,,,,,,,,,,,,,
116,4.4,,,,,,,,,,,,,,,,,,,,
117,4.4,,,,,,,,,,,,,,,,,,,,
118,4.4,,,,,,,,,,,,,,,,,,,,
119,4.4,,,,,,,,,,,,,,,,,,,,
120,4.4,,,,,,,,,,,,,,,,,,,,
121,4.4,,,,,,,,,,,,,,,,,,,,
122,4.4,,,,,,,,,,,,,,,,,,,,
123,4.4,,,,,,,,,,,,,,,,,,,,
124,4.4,,,,,,,,,,,,,,,,,,,,
125,4.4,,,,,,,,,,,,,,,,,,,,
126,4.4,,,,,,,,,,,,,,,,,,,,
127,4.4,,,,,,,,,,,,,,,,,,,,
128,4.4,,,,,,,,,,,,,,,,,,,,
129,4.4,,,,,,,,,,,,,,,,,,,,
130,4.4,,,,,,,,,,,,,,,,,,,,
131,4.4,,,,,,,,,,,,,,,,,,,,
132,4.4,,,,,,,,,,,,,,,,,,,,
133,4.4,,,,,,,,,,,,,,,,,,,,
134,4.4,,,,,,,,,,,,,,,,,,,,
135,4.4,,,,,,,,,,,,,,,,,,,,
136,4.4,,,,,,,,,,,,,,,,,,,,
137,4.4,,,,,,,,,,,,,,,,,,,,
138,4.5,,,,,,,,,,,,,,,,,,,,
139,4.5,,,,,,,,,,,,,,,,,,,,
140,4.5,,,,,,,,,,,,,,,,,,,,
141,4.5,,,,,,,,,,,,,,,,,,,,
142,4.5,,,,,,,,,,,,,,,,,,,,
143,4.5,,,,,,,,,,,,,,,,,,,,
144,4.5,,,,,,,,,,,,,,,,,,,,
145,4.5,,,,,,,,,,,,,,,,,,,,
146,4.5,,,,,,,,,,,,,,,,,,,,
147,4.5,,,,,,,,,,,,,,,,,,,,
148,4.5,,,,,,,,,,,,,,,,,,,,
149,4.5,,,,,,,,,,,,,,,,,,,,
150,4.5,,,,,,,,,,,,,,,,,,,,
151,4.5,,,,,,,,,,,,,,,,,,,,
152,4.5,,,,,,,,,,,,,,,,,,,,
153,4.5,,,,,,,,,,,,,,,,,,,,
154,4.5,,,,,,,,,,,,,,,,,,,,
155,4.5,,,,,,,,,,,,,,,,,,,,
156,4.5,,,,,,,,,,,,,,,,,,,,
157,4.5,,,,,,,,,,,,,,,,,,,,
158,4.5,,,,,,,,,,,,,,,,,,,,
159,4.5,,,,,,,,,,,,,,,,,,,,
160,4.5,,,,,,,,,,,,,,,,,,,,
161,4.5,,,,,,,,,,,,,,,,,,,,
162,4.5,,,,,,,,,,,,,,,,,,,,
163,4.5,,,,,,,,,,,,,,,,,,,,
164,4.5,,,,,,,,,,,,,,,,,,,,
165,4.5,,,,,,,,,,,,,,,,,,,,
166,4.5,,,,,,,,,,,,,,,,,,,,
167,4.5,,,,,,,,,,,,,,,,,,,,
168,4.5,,,,,,,,,,,,,,,,,,,,
169,4.5,,,,,,,,,,,,,,,,,,,,
170,4.5,,,,,,,,,,,,,,,,,,,,
171,4.5,,,,,,,,,,,,,,,,,,,,
172,4.5,,,,,,,,,,,,,,,,,,,,
173,4.5,,,,,,,,,,,,,,,,,,,,
174,4.5,,,,,,,,,,,,,,,,,,,,
175,4.5,,,,,,,,,,,,,,,,,,,,
176,4.5,,,,,,,,,,,,,,,,,,,,
177,4.5,,,,,,,,,,,,,,,,,,,,
178,4.5,,,,,,,,,,,,,,,,,,,,
179,4.5,,,,,,,,,,,,,,,,,,,,
180,4.6,,,,,,,,,,,,,,,,,,,,
181,4.6,,,,,,,,,,,,,,,,,,,,
182,4.6,,,,,,,,,,,,,,,,,,,,
183,4.6,,,,,,,,,,,,,,,,,,,,
184,4.6,,,,,,,,,,,,,,,,,,,,
185,4.6,,,,,,,,,,,,,,,,,,,,
186,4.6,,,,,,,,,,,,,,,,,,,,
187,4.6,,,,,,,,,,,,,,,,,,,,
188,4.6,,,,,,,,,,,,,,,,,,,,
189,4.6,,,,,,,,,,,,,,,,,,,,
190,4.6,,,,,,,,,,,,,,,,,,,,
191,4.6,,,,,,,,,,,,,,,,,,,,
192,4.6,,,,,,,,,,,,,,,,,,,,
193,4.6,,,,,,,,,,,,,,,,,,,,
194,4.6,,,,,,,,,,,,,,,,,,,,
195,4.6,,,,,,,,,,,,,,,,,,,,
196,4.6,,,,,,,,,,,,,,,,,,,,
197,4.6,,,,,,,,,,,,,,,,,,,,
198,4.6,,,,,,,,,,,,,,,,,,,,
199,4.6,,,,,,,,,,,,,,,,,,,,
200,4.6,,,,,,,,,,,,,,,,,,,,
201,4.6,,,,,,,,,,,,,,,,,,,,
202,4.6,,,,,,,,,,,,,,,,,,,,
203,4.6,,,,,,,,,,,,,,,,,,,,
204,4.6,,,,,,,,,,,,,,,,,,,,
205,4.6,,,,,,,,,,,,,,,,,,,,
206,4.6,,,,,,,,,,,,,,,,,,,,
207,4.6,,,,,,,,,,,,,,,,,,,,
208,4.6,,,,,,,,,,,,,,,,,,,,
209,4.6,,,,,,,,,,,,,,,,,,,,
210,4.6,,,,,,,,,,,,,,,,,,,,
211,4.6,,,,,,,,,,,,,,,,,,,,
212,4.6,,,,,,,,,,,,,,,,,,,,
213,4.6,,,,,,,,,,,,,,,,,,,,
214,4.6,,,,,,,,,,,,,,,,,,,,
215,4.6,,,,,,,,,,,,,,,,,,,,
216,4.6,,,,,,,,,,,,,,,,,,,,
217,4.6,,,,,,,,,,,,,,,,,,,,
218,4.6,,,,,,,,,,,,,,,,,,,,
219,4.6,,,,,,,,,,,,,,,,,,,,
220,4.6,,,,,,,,,,,,,,,,,,,,
221,4.6,,,,,,,,,,,,,,,,,,,,
222,4.6,,,,,,,,,,,,,,,,,,,,
223,4.6,,,,,,,,,,,,,,,,,,,,
224,4.6,,,,,,,,,,,,,,,,,,,,
225,4.6,,,,,,,,,,,,,,,,,,,,
226,4.6,,,,,,,,,,,,,,,,,,,,
227,4.6,,,,,,,,,,,,,,,,,,,,
228,4.6,,,,,,,,,,,,,,,,,,,,
229,4.6,,,,,,,,,,,,,,,,,,,,
230,4.6,,,,,,,,,,,,,,,,,,,,
231,4.6,,,,,,,,,,,,,,,,,,,,
232,4.6,,,,,,,,,,,,,,,,,,,,
233,4.6,,,,,,,,,,,,,,,,,,,,
234,4.6,,,,,,,,,,,,,,,,,,,,
235,4.6,,,,,,,,,,,,,,,,,,,,
236,4.6,,,,,,,,,,,,,,,,,,,,
237,4.6,,,,,,,,,,,,,,,,,,,,
238,4.6,,,,,,,,,,,,,,,,,,,,
239,4.6,,,,,,,,,,,,,,,,,,,,
240,4.6,,,,,,,,,,,,,,,,,,,,
241,4.6,,,,,,,,,,,,,,,,,,,,
242,4.6,,,,,,,,,,,,,,,,,,,,
243,4.6,,,,,,,,,,,,,,,,,,,,
244,4.6,,,,,,,,,,,,,,,,,,,,
245,4.6,,,,,,,,,,,,,,,,,,,,
246,4.6,,,,,,,,,,,,,,,,,,,,
247,4.6,,,,,,,,,,,,,,,,,,,,
248,4.6,,,,,,,,,,,,,,,,,,,,
249,4.6,,,,,,,,,,,,,,,,,,,,
250,4.6,,,,,,,,,,,,,,,,,,,,
251,4.6,,,,,,,,,,,,,,,,,,,,
252,4.7,,,,,,,,,,,,,,,,,,,,
253,4.7,,,,,,,,,,,,,,,,,,,,
254,4.7,,,,,,,,,,,,,,,,,,,,
255,4.7,,,,,,,,,,,,,,,,,,,,
256,4.7,,,,,,,,,,,,,,,,,,,,
257,4.7,,,,,,,,,,,,,,,,,,,,
258,4.7,,,,,,,,,,,,,,,,,,,,
259,4.7,,,,,,,,,,,,,,,,,,,,
260,4.7,,,,,,,,,,,,,,,,,,,,
261,4.7,,,,,,,,,,,,,,,,,,,,
262,4.7,,,,,,,,,,,,,,,,,,,,
263,4.7,,,,,,,,,,,,,,,,,,,,
264,4.7,,,,,,,,,,,,,,,,,,,,
265,4.7,,,,,,,,,,,,,,,,,,,,
266,4.7,,,,,,,,,,,,,,,,,,,,
267,4.7,,,,,,,,,,,,,,,,,,,,
268,4.7,,,,,,,,,,,,,,,,,,,,
269,4.7,,,,,,,,,,,,,,,,,,,,
270,4.7,,,,,,,,,,,,,,,,,,,,
271,4.7,,,,,,,,,,,,,,,,,,,,
272,4.7,,,,,,,,,,,,,,,,,,,,
273,4.7,,,,,,,,,,,,,,,,,,,,
274,4.7,,,,,,,,,,,,,,,,,,,,
275,4.7,,,,,,,,,,,,,,,,,,,,
276,4.7,,,,,,,,,,,,,,,,,,,,
277,4.7,,,,,,,,,,,,,,,,,,,,
278,4.7,,,,,,,,,,,,,,,,,,,,
279,4.7,,,,,,,,,,,,,,,,,,,,
280,4.7,,,,,,,,,,,,,,,,,,,,
281,4.7,,,,,,,,,,,,,,,,,,,,
282,4.7,,,,,,,,,,,,,,,,,,,,
283,4.7,,,,,,,,,,,,,,,,,,,,
284,4.7,,,,,,,,,,,,,,,,,,,,
285,4.7,,,,,,,,,,,,,,,,,,,,
286,4.7,,,,,,,,,,,,,,,,,,,,
287,4.7,,,,,,,,,,,,,,,,,,,,
288,4.7,,,,,,,,,,,,,,,,,,,,
289,4.7,,,,,,,,,,,,,,,,,,,,
290,4.7,,,,,,,,,,,,,,,,,,,,
291,4.7,,,,,,,,,,,,,,,,,,,,
292,4.7,,,,,,,,,,,,,,,,,,,,
293,4.7,,,,,,,,,,,,,,,,,,,,
294,4.7,,,,,,,,,,,,,,,,,,,,
295,4.7,,,,,,,,,,,,,,,,,,,,
296,4.7,,,,,,,,,,,,,,,,,,,,
297,4.7,,,,,,,,,,,,,,,,,,,,
298,4.7,,,,,,,,,,,,,,,,,,,,
299,4.7,,,,,,,,,,,,,,,,,,,,
300,4.7,,,,,,,,,,,,,,,,,,,,
301,4.7,,,,,,,,,,,,,,,,,,,,
302,4.7,,,,,,,,,,,,,,,,,,,,
303,4.7,,,,,,,,,,,,,,,,,,,,
304,4.7,,,,,,,,,,,,,,,,,,,,
305,4.7,,,,,,,,,,,,,,,,,,,,
306,4.7,,,,,,,,,,,,,,,,,,,,
307,4.7,,,,,,,,,,,,,,,,,,,,
308,4.7,,,,,,,,,,,,,,,,,,,,
309,4.7,,,,,,,,,,,,,,,,,,,,
310,4.7,,,,,,,,,,,,,,,,,,,,
311,4.7,,,,,,,,,,,,,,,,,,,,
312,4.7,,,,,,,,,,,,,,,,,,,,
313,4.7,,,,,,,,,,,,,,,,,,,,
314,4.7,,,,,,,,,,,,,,,,,,,,
315,4.7,,,,,,,,,,,,,,,,,,,,
316,4.7,,,,,,,,,,,,,,,,,,,,
317,4.7,,,,,,,,,,,,,,,,,,,,
318,4.7,,,,,,,,,,,,,,,,,,,,
319,4.7,,,,,,,,,,,,,,,,,,,,
320,4.7,,,,,,,,,,,,,,,,,,,,
321,4.7,,,,,,,,,,,,,,,,,,,,
322,4.7,,,,,,,,,,,,,,,,,,,,
323,4.7,,,,,,,,,,,,,,,,,,,,
324,4.7,,,,,,,,,,,,,,,,,,,,
325,4.7,,,,,,,,,,,,,,,,,,,,
326,4.7,,,,,,,,,,,,,,,,,,,,
327,4.8,,,,,,,,,,,,,,,,,,,,
328,4.8,,,,,,,,,,,,,,,,,,,,
329,4.8,,,,,,,,,,,,,,,,,,,,
330,4.8,,,,,,,,,,,,,,,,,,,,
331,4.8,,,,,,,,,,,,,,,,,,,,
332,4.8,,,,,,,,,,,,,,,,,,,,
333,4.8,,,,,,,,,,,,,,,,,,,,
334,4.8,,,,,,,,,,,,,,,,,,,,
335,4.8,,,,,,,,,,,,,,,,,,,,
336,4.8,,,,,,,,,,,,,,,,,,,,
337,4.8,,,,,,,,,,,,,,,,,,,,
338,4.8,,,,,,,,,,,,,,,,,,,,
339,4.8,,,,,,,,,,,,,,,,,,,,
340,4.8,,,,,,,,,,,,,,,,,,,,
341,4.8,,,,,,,,,,,,,,,,,,,,
342,4.8,,,,,,,,,,,,,,,,,,,,
343,4.8,,,,,,,,,,,,,,,,,,,,
344,4.8,,,,,,,,,,,,,,,,,,,,
345,4.8,,,,,,,,,,,,,,,,,,,,
346,4.8,,,,,,,,,,,,,,,,,,,,
347,4.8,,,,,,,,,,,,,,,,,,,,
348,4.8,,,,,,,,,,,,,,,,,,,,
349,4.8,,,,,,,,,,,,,,,,,,,,
350,4.8,,,,,,,,,,,,,,,,,,,,
351,4.8,,,,,,,,,,,,,,,,,,,,
352,4.8,,,,,,,,,,,,,,,,,,,,
353,4.8,,,,,,,,,,,,,,,,,,,,
354,4.8,,,,,,,,,,,,,,,,,,,,
355,4.8,,,,,,,,,,,,,,,,,,,,
356,4.8,,,,,,,,,,,,,,,,,,,,
357,4.8,,,,,,,,,,,,,,,,,,,,
358,4.8,,,,,,,,,,,,,,,,,,,,
359,4.8,,,,,,,,,,,,,,,,,,,,
360,4.8,,,,,,,,,,,,,,,,,,,,
361,4.8,,,,,,,,,,,,,,,,,,,,
362,4.8,,,,,,,,,,,,,,,,,,,,
363,4.8,,,,,,,,,,,,,,,,,,,,
364,4.8,,,,,,,,,,,,,,,,,,,,
365,4.8,,,,,,,,,,,,,,,,,,,,
366,4.8,,,,,,,,,,,,,,,,,,,,
367,4.8,,,,,,,,,,,,,,,,,,,,
368,4.8,,,,,,,,,,,,,,,,,,,,
369,4.8,,,,,,,,,,,,,,,,,,,,
370,4.8,,,,,,,,,,,,,,,,,,,,
371,4.8,,,,,,,,,,,,,,,,,,,,
372,4.8,,,,,,,,,,,,,,,,,,,,
373,4.8,,,,,,,,,,,,,,,,,,,,
374,4.8,,,,,,,,,,,,,,,,,,,,
375,4.8,,,,,,,,,,,,,,,,,,,,
376,4.8,,,,,,,,,,,,,,,,,,,,
377,4.8,,,,,,,,,,,,,,,,,,,,
378,4.8,,,,,,,,,,,,,,,,,,,,
379,4.8,,,,,,,,,,,,,,,,,,,,
380,4.8,,,,,,,,,,,,,,,,,,,,
381,4.8,,,,,,,,,,,,,,,,,,,,
382,4.8,,,,,,,,,,,,,,,,,,,,
383,4.8,,,,,,,,,,,,,,,,,,,,
384,4.8,,,,,,,,,,,,,,,,,,,,
385,4.9,,,,,,,,,,,,,,,,,,,,
386,4.9,,,,,,,,,,,,,,,,,,,,
387,4.9,,,,,,,,,,,,,,,,,,,,
388,4.9,,,,,,,,,,,,,,,,,,,,
389,4.9,,,,,,,,,,,,,,,,,,,,
390,4.9,,,,,,,,,,,,,,,,,,,,
391,4.9,,,,,,,,,,,,,,,,,,,,
392,4.9,,,,,,,,,,,,,,,,,,,,
393,4.9,,,,,,,,,,,,,,,,,,,,
394,4.9,,,,,,,,,,,,,,,,,,,,
395,4.9,,,,,,,,,,,,,,,,,,,,
396,4.9,,,,,,,,,,,,,,,,,,,,
397,4.9,,,,,,,,,,,,,,,,,,,,
398,4.9,,,,,,,,,,,,,,,,,,,,
399,4.9,,,,,,,,,,,,,,,,,,,,
400,4.9,,,,,,,,,,,,,,,,,,,,
401,4.9,,,,,,,,,,,,,,,,,,,,
402,4.9,,,,,,,,,,,,,,,,,,,,
403,4.9,,,,,,,,,,,,,,,,,,,,
404,4.9,,,,,,,,,,,,,,,,,,,,
405,4.9,,,,,,,,,,,,,,,,,,,,
406,4.9,,,,,,,,,,,,,,,,,,,,
407,4.9,,,,,,,,,,,,,,,,,,,,
408,4.9,,,,,,,,,,,,,,,,,,,,
409,4.9,,,,,,,,,,,,,,,,,,,,
410,4.9,,,,,,,,,,,,,,,,,,,,
411,4.9,,,,,,,,,,,,,,,,,,,,
412,4.9,,,,,,,,,,,,,,,,,,,,
413,4.9,,,,,,,,,,,,,,,,,,,,
414,4.9,,,,,,,,,,,,,,,,,,,,
415,4.9,,,,,,,,,,,,,,,,,,,,
416,4.9,,,,,,,,,,,,,,,,,,,,
417,4.9,,,,,,,,,,,,,,,,,,,,
418,4.9,,,,,,,,,,,,,,,,,,,,
419,4.9,,,,,,,,,,,,,,,,,,,,
420,4.9,,,,,,,,,,,,,,,,,,,,
421,4.9,,,,,,,,,,,,,,,,,,,,
422,4.9,,,,,,,,,,,,,,,,,,,,
423,4.9,,,,,,,,,,,,,,,,,,,,
424,4.9,,,,,,,,,,,,,,,,,,,,
425,4.9,,,,,,,,,,,,,,,,,,,,
426,4.9,,,,,,,,,,,,,,,,,,,,
427,4.9,,,,,,,,,,,,,,,,,,,,
428,4.9,,,,,,,,,,,,,,,,,,,,
429,4.9,,,,,,,,,,,,,,,,,,,,
430,4.9,,,,,,,,,,,,,,,,,,,,
431,4.9,,,,,,,,,,,,,,,,,,,,
432,4.9,,,,,,,,,,,,,,,,,,,,
433,4.9,,,,,,,,,,,,,,,,,,,,
434,4.9,,,,,,,,,,,,,,,,,,,,
435,4.9,,,,,,,,,,,,,,,,,,,,
436,4.9,,,,,,,,,,,,,,,,,,,,
437,4.9,,,,,,,,,,,,,,,,,,,,
438,4.9,,,,,,,,,,,,,,,,,,,,
439,4.9,,,,,,,,,,,,,,,,,,,,
440,4.9,,,,,,,,,,,,,,,,,,,,
441,4.9,,,,,,,,,,,,,,,,,,,,
442,4.9,,,,,,,,,,,,,,,,,,,,
443,4.9,,,,,,,,,,,,,,,,,,,,
444,4.9,,,,,,,,,,,,,,,,,,,,
445,4.9,,,,,,,,,,,,,,,,,,,,
446,4.9,,,,,,,,,,,,,,,,,,,,
447,4.9,,,,,,,,,,,,,,,,,,,,
448,4.9,,,,,,,,,,,,,,,,,,,,
449,4.9,,,,,,,,,,,,,,,,,,,,
450,4.9,,,,,,,,,,,,,,,,,,,,
451,4.9,,,,,,,,,,,,,,,,,,,,
452,4.9,,,,,,,,,,,,,,,,,,,,
453,4.9,,,,,,,,,,,,,,,,,,,,
454,4.9,,,,,,,,,,,,,,,,,,,,
455,4.9,,,,,,,,,,,,,,,,,,,,
456,4.9,,,,,,,,,,,,,,,,,,,,
457,4.9,,,,,,,,,,,,,,,,,,,,
458,4.9,,,,,,,,,,,,,,,,,,,,
459,4.9,,,,,,,,,,,,,,,,,,,,
460,4.9,,,,,,,,,,,,,,,,,,,,
461,4.9,,,,,,,,,,,,,,,,,,,,
462,4.9,,,,,,,,,,,,,,,,,,,,
463,4.9,,,,,,,,,,,,,,,,,,,,
464,4.9,,,,,,,,,,,,,,,,,,,,
465,5,,,,,,,,,,,,,,,,,,,,
466,5,,,,,,,,,,,,,,,,,,,,
467,5,,,,,,,,,,,,,,,,,,,,
468,5,,,,,,,,,,,,,,,,,,,,
469,5,,,,,,,,,,,,,,,,,,,,
470,5,,,,,,,,,,,,,,,,,,,,
471,5,,,,,,,,,,,,,,,,,,,,
472,5,,,,,,,,,,,,,,,,,,,,
473,5,,,,,,,,,,,,,,,,,,,,
474,5,,,,,,,,,,,,,,,,,,,,
475,5,,,,,,,,,,,,,,,,,,,,
476,5,,,,,,,,,,,,,,,,,,,,
477,5,,,,,,,,,,,,,,,,,,,,
478,5,,,,,,,,,,,,,,,,,,,,
479,5,,,,,,,,,,,,,,,,,,,,
480,5,,,,,,,,,,,,,,,,,,,,
481,5,,,,,,,,,,,,,,,,,,,,
482,5,,,,,,,,,,,,,,,,,,,,
483,5,,,,,,,,,,,,,,,,,,,,
484,5,,,,,,,,,,,,,,,,,,,,
485,5,,,,,,,,,,,,,,,,,,,,
486,5,,,,,,,,,,,,,,,,,,,,
487,5,,,,,,,,,,,,,,,,,,,,
488,5,,,,,,,,,,,,,,,,,,,,
489,5,,,,,,,,,,,,,,,,,,,,
490,5,,,,,,,,,,,,,,,,,,,,
491,5,,,,,,,,,,,,,,,,,,,,
492,5,,,,,,,,,,,,,,,,,,,,
493,5,,,,,,,,,,,,,,,,,,,,
494,5,,,,,,,,,,,,,,,,,,,,
495,5,,,,,,,,,,,,,,,,,,,,
496,5,,,,,,,,,,,,,,,,,,,,
497,5,,,,,,,,,,,,,,,,,,,,
498,5,,,,,,,,,,,,,,,,,,,,
499,5,,,,,,,,,,,,,,,,,,,,
500,5,,,,,,,,,,,,,,,,,,,,
501,5,,,,,,,,,,,,,,,,,,,,
502,5,,,,,,,,,,,,,,,,,,,,
503,5,,,,,,,,,,,,,,,,,,,,
504,5,,,,,,,,,,,,,,,,,,,,
505,5,,,,,,,,,,,,,,,,,,,,
506,5,,,,,,,,,,,,,,,,,,,,
507,5,,,,,,,,,,,,,,,,,,,,
508,5,,,,,,,,,,,,,,,,,,,,
509,5,,,,,,,,,,,,,,,,,,,,
510,5,,,,,,,,,,,,,,,,,,,,
511,5,,,,,,,,,,,,,,,,,,,,
512,5,,,,,,,,,,,,,,,,,,,,
513,5,,,,,,,,,,,,,,,,,,,,
514,5,,,,,,,,,,,,,,,,,,,,
515,5,,,,,,,,,,,,,,,,,,,,
516,5,,,,,,,,,,,,,,,,,,,,
517,5,,,,,,,,,,,,,,,,,,,,
518,5,,,,,,,,,,,,,,,,,,,,
519,5,,,,,,,,,,,,,,,,,,,,
520,5,,,,,,,,,,,,,,,,,,,,
521,5,,,,,,,,,,,,,,,,,,,,
522,5,,,,,,,,,,,,,,,,,,,,
523,5,,,,,,,,,,,,,,,,,,,,
524,5,,,,,,,,,,,,,,,,,,,,
525,5,,,,,,,,,,,,,,,,,,,,
526,5,,,,,,,,,,,,,,,,,,,,
527,5,,,,,,,,,,,,,,,,,,,,
528,5,,,,,,,,,,,,,,,,,,,,
529,5,,,,,,,,,,,,,,,,,,,,
530,5,,,,,,,,,,,,,,,,,,,,
531,5,,,,,,,,,,,,,,,,,,,,
532,5,,,,,,,,,,,,,,,,,,,,
533,5,,,,,,,,,,,,,,,,,,,,
534,5,,,,,,,,,,,,,,,,,,,,
535,5,,,,,,,,,,,,,,,,,,,,
536,5,,,,,,,,,,,,,,,,,,,,
537,5,,,,,,,,,,,,,,,,,,,,
538,5,,,,,,,,,,,,,,,,,,,,
539,5,,,,,,,,,,,,,,,,,,,,
540,5,,,,,,,,,,,,,,,,,,,,
541,5,,,,,,,,,,,,,,,,,,,,
542,5,,,,,,,,,,,,,,,,,,,,
543,5,,,,,,,,,,,,,,,,,,,,
544,5,,,,,,,,,,,,,,,,,,,,
545,5,,,,,,,,,,,,,,,,,,,,
546,5,,,,,,,,,,,,,,,,,,,,
547,5,,,,,,,,,,,,,,,,,,,,
548,5,,,,,,,,,,,,,,,,,,,,
549,5,,,,,,,,,,,,,,,,,,,,
550,5,,,,,,,,,,,,,,,,,,,,
551,5,,,,,,,,,,,,,,,,,,,,
552,5,,,,,,,,,,,,,,,,,,,,
553,5,,,,,,,,,,,,,,,,,,,,
554,5,,,,,,,,,,,,,,,,,,,,
555,5,,,,,,,,,,,,,,,,,,,,
556,5,,,,,,,,,,,,,,,,,,,,
557,5,,,,,,,,,,,,,,,,,,,,
558,5,,,,,,,,,,,,,,,,,,,,
559,5,,,,,,,,,,,,,,,,,,,,
560,5,,,,,,,,,,,,,,,,,,,,
561,5,,,,,,,,,,,,,,,,,,,,
562,5,,,,,,,,,,,,,,,,,,,,
563,5,,,,,,,,,,,,,,,,,,,,
564,5,,,,,,,,,,,,,,,,,,,,
565,5,,,,,,,,,,,,,,,,,,,,
566,5,,,,,,,,,,,,,,,,,,,,
567,5,,,,,,,,,,,,,,,,,,,,
568,5,,,,,,,,,,,,,,,,,,,,
569,5,,,,,,,,,,,,,,,,,,,,
570,5,,,,,,,,,,,,,,,,,,,,
571,5,,,,,,,,,,,,,,,,,,,,
572,5,,,,,,,,,,,,,,,,,,,,
573,5,,,,,,,,,,,,,,,,,,,,
574,5,,,,,,,,,,,,,,,,,,,,
575,5,,,,,,,,,,,,,,,,,,,,
576,5,,,,,,,,,,,,,,,,,,,,
577,5,,,,,,,,,,,,,,,,,,,,
578,5,,,,,,,,,,,,,,,,,,,,
579,5,,,,,,,,,,,,,,,,,,,,
580,5,,,,,,,,,,,,,,,,,,,,
581,5,,,,,,,,,,,,,,,,,,,,
582,5,,,,,,,,,,,,,,,,,,,,
583,5,,,,,,,,,,,,,,,,,,,,
584,5,,,,,,,,,,,,,,,,,,,,
585,5,,,,,,,,,,,,,,,,,,,,
586,5,,,,,,,,,,,,,,,,,,,,
587,5,,,,,,,,,,,,,,,,,,,,
588,5,,,,,,,,,,,,,,,,,,,,
589,5,,,,,,,,,,,,,,,,,,,,
590,5,,,,,,,,,,,,,,,,,,,,
591,5,,,,,,,,,,,,,,,,,,,,
592,5,,,,,,,,,,,,,,,,,,,,
593,5.1,,,,,,,,,,,,,,,,,,,,
594,5.1,,,,,,,,,,,,,,,,,,,,
595,5.1,,,,,,,,,,,,,,,,,,,,
596,5.1,,,,,,,,,,,,,,,,,,,,
597,5.1,,,,,,,,,,,,,,,,,,,,
598,5.1,,,,,,,,,,,,,,,,,,,,
599,5.1,,,,,,,,,,,,,,,,,,,,
600,5.1,,,,,,,,,,,,,,,,,,,,
601,5.1,,,,,,,,,,,,,,,,,,,,
602,5.1,,,,,,,,,,,,,,,,,,,,
603,5.1,,,,,,,,,,,,,,,,,,,,
604,5.1,,,,,,,,,,,,,,,,,,,,
605,5.1,,,,,,,,,,,,,,,,,,,,
606,5.1,,,,,,,,,,,,,,,,,,,,
607,5.1,,,,,,,,,,,,,,,,,,,,
608,5.1,,,,,,,,,,,,,,,,,,,,
609,5.1,,,,,,,,,,,,,,,,,,,,
610,5.1,,,,,,,,,,,,,,,,,,,,
611,5.1,,,,,,,,,,,,,,,,,,,,
612,5.1,,,,,,,,,,,,,,,,,,,,
613,5.1,,,,,,,,,,,,,,,,,,,,
614,5.1,,,,,,,,,,,,,,,,,,,,
615,5.1,,,,,,,,,,,,,,,,,,,,
616,5.1,,,,,,,,,,,,,,,,,,,,
617,5.1,,,,,,,,,,,,,,,,,,,,
618,5.1,,,,,,,,,,,,,,,,,,,,
619,5.1,,,,,,,,,,,,,,,,,,,,
620,5.1,,,,,,,,,,,,,,,,,,,,
621,5.1,,,,,,,,,,,,,,,,,,,,
622,5.1,,,,,,,,,,,,,,,,,,,,
623,5.1,,,,,,,,,,,,,,,,,,,,
624,5.1,,,,,,,,,,,,,,,,,,,,
625,5.1,,,,,,,,,,,,,,,,,,,,
626,5.1,,,,,,,,,,,,,,,,,,,,
627,5.1,,,,,,,,,,,,,,,,,,,,
628,5.1,,,,,,,,,,,,,,,,,,,,
629,5.1,,,,,,,,,,,,,,,,,,,,
630,5.1,,,,,,,,,,,,,,,,,,,,
631,5.1,,,,,,,,,,,,,,,,,,,,
632,5.1,,,,,,,,,,,,,,,,,,,,
633,5.1,,,,,,,,,,,,,,,,,,,,
634,5.1,,,,,,,,,,,,,,,,,,,,
635,5.1,,,,,,,,,,,,,,,,,,,,
636,5.1,,,,,,,,,,,,,,,,,,,,
637,5.1,,,,,,,,,,,,,,,,,,,,
638,5.1,,,,,,,,,,,,,,,,,,,,
639,5.1,,,,,,,,,,,,,,,,,,,,
640,5.1,,,,,,,,,,,,,,,,,,,,
641,5.1,,,,,,,,,,,,,,,,,,,,
642,5.1,,,,,,,,,,,,,,,,,,,,
643,5.1,,,,,,,,,,,,,,,,,,,,
644,5.1,,,,,,,,,,,,,,,,,,,,
645,5.1,,,,,,,,,,,,,,,,,,,,
646,5.1,,,,,,,,,,,,,,,,,,,,
647,5.1,,,,,,,,,,,,,,,,,,,,
648,5.1,,,,,,,,,,,,,,,,,,,,
649,5.1,,,,,,,,,,,,,,,,,,,,
650,5.1,,,,,,,,,,,,,,,,,,,,
651,5.1,,,,,,,,,,,,,,,,,,,,
652,5.1,,,,,,,,,,,,,,,,,,,,
653,5.1,,,,,,,,,,,,,,,,,,,,
654,5.1,,,,,,,,,,,,,,,,,,,,
655,5.1,,,,,,,,,,,,,,,,,,,,
656,5.1,,,,,,,,,,,,,,,,,,,,
657,5.1,,,,,,,,,,,,,,,,,,,,
658,5.1,,,,,,,,,,,,,,,,,,,,
659,5.1,,,,,,,,,,,,,,,,,,,,
660,5.1,,,,,,,,,,,,,,,,,,,,
661,5.1,,,,,,,,,,,,,,,,,,,,
662,5.1,,,,,,,,,,,,,,,,,,,,
663,5.1,,,,,,,,,,,,,,,,,,,,
664,5.1,,,,,,,,,,,,,,,,,,,,
665,5.1,,,,,,,,,,,,,,,,,,,,
666,5.1,,,,,,,,,,,,,,,,,,,,
667,5.1,,,,,,,,,,,,,,,,,,,,
668,5.1,,,,,,,,,,,,,,,,,,,,
669,5.1,,,,,,,,,,,,,,,,,,,,
670,5.1,,,,,,,,,,,,,,,,,,,,
671,5.1,,,,,,,,,,,,,,,,,,,,
672,5.1,,,,,,,,,,,,,,,,,,,,
673,5.1,,,,,,,,,,,,,,,,,,,,
674,5.1,,,,,,,,,,,,,,,,,,,,
675,5.1,,,,,,,,,,,,,,,,,,,,
676,5.1,,,,,,,,,,,,,,,,,,,,
677,5.1,,,,,,,,,,,,,,,,,,,,
678,5.1,,,,,,,,,,,,,,,,,,,,
679,5.1,,,,,,,,,,,,,,,,,,,,
680,5.1,,,,,,,,,,,,,,,,,,,,
681,5.1,,,,,,,,,,,,,,,,,,,,
682,5.1,,,,,,,,,,,,,,,,,,,,
683,5.1,,,,,,,,,,,,,,,,,,,,
684,5.1,,,,,,,,,,,,,,,,,,,,
685,5.1,,,,,,,,,,,,,,,,,,,,
686,5.1,,,,,,,,,,,,,,,,,,,,
687,5.1,,,,,,,,,,,,,,,,,,,,
688,5.1,,,,,,,,,,,,,,,,,,,,
689,5.1,,,,,,,,,,,,,,,,,,,,
690,5.1,,,,,,,,,,,,,,,,,,,,
691,5.1,,,,,,,,,,,,,,,,,,,,
692,5.1,,,,,,,,,,,,,,,,,,,,
693,5.1,,,,,,,,,,,,,,,,,,,,
694,5.1,,,,,,,,,,,,,,,,,,,,
695,5.1,,,,,,,,,,,,,,,,,,,,
696,5.1,,,,,,,,,,,,,,,,,,,,
697,5.1,,,,,,,,,,,,,,,,,,,,
698,5.1,,,,,,,,,,,,,,,,,,,,
699,5.1,,,,,,,,,,,,,,,,,,,,
700,5.1,,,,,,,,,,,,,,,,,,,,
701,5.1,,,,,,,,,,,,,,,,,,,,
702,5.1,,,,,,,,,,,,,,,,,,,,
703,5.1,,,,,,,,,,,,,,,,,,,,
704,5.1,,,,,,,,,,,,,,,,,,,,
705,5.1,,,,,,,,,,,,,,,,,,,,
706,5.1,,,,,,,,,,,,,,,,,,,,
707,5.1,,,,,,,,,,,,,,,,,,,,
708,5.1,,,,,,,,,,,,,,,,,,,,
709,5.1,,,,,,,,,,,,,,,,,,,,
710,5.1,,,,,,,,,,,,,,,,,,,,
711,5.1,,,,,,,,,,,,,,,,,,,,
712,5.1,,,,,,,,,,,,,,,,,,,,
713,5.1,,,,,,,,,,,,,,,,,,,,
714,5.1,,,,,,,,,,,,,,,,,,,,
715,5.1,,,,,,,,,,,,,,,,,,,,
716,5.2,,,,,,,,,,,,,,,,,,,,
717,5.2,,,,,,,,,,,,,,,,,,,,
718,5.2,,,,,,,,,,,,,,,,,,,,
719,5.2,,,,,,,,,,,,,,,,,,,,
720,5.2,,,,,,,,,,,,,,,,,,,,
721,5.2,,,,,,,,,,,,,,,,,,,,
722,5.2,,,,,,,,,,,,,,,,,,,,
723,5.2,,,,,,,,,,,,,,,,,,,,
724,5.2,,,,,,,,,,,,,,,,,,,,
725,5.2,,,,,,,,,,,,,,,,,,,,
726,5.2,,,,,,,,,,,,,,,,,,,,
727,5.2,,,,,,,,,,,,,,,,,,,,
728,5.2,,,,,,,,,,,,,,,,,,,,
729,5.2,,,,,,,,,,,,,,,,,,,,
730,5.2,,,,,,,,,,,,,,,,,,,,
731,5.2,,,,,,,,,,,,,,,,,,,,
732,5.2,,,,,,,,,,,,,,,,,,,,
733,5.2,,,,,,,,,,,,,,,,,,,,
734,5.2,,,,,,,,,,,,,,,,,,,,
735,5.2,,,,,,,,,,,,,,,,,,,,
736,5.2,,,,,,,,,,,,,,,,,,,,
737,5.2,,,,,,,,,,,,,,,,,,,,
738,5.2,,,,,,,,,,,,,,,,,,,,
739,5.2,,,,,,,,,,,,,,,,,,,,
740,5.2,,,,,,,,,,,,,,,,,,,,
741,5.2,,,,,,,,,,,,,,,,,,,,
742,5.2,,,,,,,,,,,,,,,,,,,,
743,5.2,,,,,,,,,,,,,,,,,,,,
744,5.2,,,,,,,,,,,,,,,,,,,,
745,5.2,,,,,,,,,,,,,,,,,,,,
746,5.2,,,,,,,,,,,,,,,,,,,,
747,5.2,,,,,,,,,,,,,,,,,,,,
748,5.2,,,,,,,,,,,,,,,,,,,,
749,5.2,,,,,,,,,,,,,,,,,,,,
750,5.2,,,,,,,,,,,,,,,,,,,,
751,5.2,,,,,,,,,,,,,,,,,,,,
752,5.2,,,,,,,,,,,,,,,,,,,,
753,5.2,,,,,,,,,,,,,,,,,,,,
754,5.2,,,,,,,,,,,,,,,,,,,,
755,5.2,,,,,,,,,,,,,,,,,,,,
756,5.2,,,,,,,,,,,,,,,,,,,,
757,5.2,,,,,,,,,,,,,,,,,,,,
758,5.2,,,,,,,,,,,,,,,,,,,,
759,5.2,,,,,,,,,,,,,,,,,,,,
760,5.2,,,,,,,,,,,,,,,,,,,,
761,5.2,,,,,,,,,,,,,,,,,,,,
762,5.2,,,,,,,,,,,,,,,,,,,,
763,5.2,,,,,,,,,,,,,,,,,,,,
764,5.2,,,,,,,,,,,,,,,,,,,,
765,5.2,,,,,,,,,,,,,,,,,,,,
766,5.2,,,,,,,,,,,,,,,,,,,,
767,5.2,,,,,,,,,,,,,,,,,,,,
768,5.2,,,,,,,,,,,,,,,,,,,,
769,5.2,,,,,,,,,,,,,,,,,,,,
770,5.2,,,,,,,,,,,,,,,,,,,,
771,5.2,,,,,,,,,,,,,,,,,,,,
772,5.2,,,,,,,,,,,,,,,,,,,,
773,5.2,,,,,,,,,,,,,,,,,,,,
774,5.2,,,,,,,,,,,,,,,,,,,,
775,5.2,,,,,,,,,,,,,,,,,,,,
776,5.2,,,,,,,,,,,,,,,,,,,,
777,5.2,,,,,,,,,,,,,,,,,,,,
778,5.2,,,,,,,,,,,,,,,,,,,,
779,5.2,,,,,,,,,,,,,,,,,,,,
780,5.2,,,,,,,,,,,,,,,,,,,,
781,5.2,,,,,,,,,,,,,,,,,,,,
782,5.2,,,,,,,,,,,,,,,,,,,,
783,5.2,,,,,,,,,,,,,,,,,,,,
784,5.2,,,,,,,,,,,,,,,,,,,,
785,5.2,,,,,,,,,,,,,,,,,,,,
786,5.2,,,,,,,,,,,,,,,,,,,,
787,5.2,,,,,,,,,,,,,,,,,,,,
788,5.2,,,,,,,,,,,,,,,,,,,,
789,5.2,,,,,,,,,,,,,,,,,,,,
790,5.2,,,,,,,,,,,,,,,,,,,,
791,5.2,,,,,,,,,,,,,,,,,,,,
792,5.2,,,,,,,,,,,,,,,,,,,,
793,5.2,,,,,,,,,,,,,,,,,,,,
794,5.2,,,,,,,,,,,,,,,,,,,,
795,5.2,,,,,,,,,,,,,,,,,,,,
796,5.2,,,,,,,,,,,,,,,,,,,,
797,5.2,,,,,,,,,,,,,,,,,,,,
798,5.2,,,,,,,,,,,,,,,,,,,,
799,5.2,,,,,,,,,,,,,,,,,,,,
800,5.2,,,,,,,,,,,,,,,,,,,,
801,5.2,,,,,,,,,,,,,,,,,,,,
802,5.2,,,,,,,,,,,,,,,,,,,,
803,5.2,,,,,,,,,,,,,,,,,,,,
804,5.2,,,,,,,,,,,,,,,,,,,,
805,5.2,,,,,,,,,,,,,,,,,,,,
806,5.2,,,,,,,,,,,,,,,,,,,,
807,5.2,,,,,,,,,,,,,,,,,,,,
808,5.2,,,,,,,,,,,,,,,,,,,,
809,5.2,,,,,,,,,,,,,,,,,,,,
810,5.2,,,,,,,,,,,,,,,,,,,,
811,5.2,,,,,,,,,,,,,,,,,,,,
812,5.2,,,,,,,,,,,,,,,,,,,,
813,5.3,,,,,,,,,,,,,,,,,,,,
814,5.3,,,,,,,,,,,,,,,,,,,,
815,5.3,,,,,,,,,,,,,,,,,,,,
816,5.3,,,,,,,,,,,,,,,,,,,,
817,5.3,,,,,,,,,,,,,,,,,,,,
818,5.3,,,,,,,,,,,,,,,,,,,,
819,5.3,,,,,,,,,,,,,,,,,,,,
820,5.3,,,,,,,,,,,,,,,,,,,,
821,5.3,,,,,,,,,,,,,,,,,,,,
822,5.3,,,,,,,,,,,,,,,,,,,,
823,5.3,,,,,,,,,,,,,,,,,,,,
824,5.3,,,,,,,,,,,,,,,,,,,,
825,5.3,,,,,,,,,,,,,,,,,,,,
826,5.3,,,,,,,,,,,,,,,,,,,,
827,5.3,,,,,,,,,,,,,,,,,,,,
828,5.3,,,,,,,,,,,,,,,,,,,,
829,5.3,,,,,,,,,,,,,,,,,,,,
830,5.3,,,,,,,,,,,,,,,,,,,,
831,5.3,,,,,,,,,,,,,,,,,,,,
832,5.3,,,,,,,,,,,,,,,,,,,,
833,5.3,,,,,,,,,,,,,,,,,,,,
834,5.3,,,,,,,,,,,,,,,,,,,,
835,5.3,,,,,,,,,,,,,,,,,,,,
836,5.3,,,,,,,,,,,,,,,,,,,,
837,5.3,,,,,,,,,,,,,,,,,,,,
838,5.3,,,,,,,,,,,,,,,,,,,,
839,5.3,,,,,,,,,,,,,,,,,,,,
840,5.3,,,,,,,,,,,,,,,,,,,,
841,5.3,,,,,,,,,,,,,,,,,,,,
842,5.3,,,,,,,,,,,,,,,,,,,,
843,5.3,,,,,,,,,,,,,,,,,,,,
844,5.3,,,,,,,,,,,,,,,,,,,,
845,5.3,,,,,,,,,,,,,,,,,,,,
846,5.3,,,,,,,,,,,,,,,,,,,,
847,5.3,,,,,,,,,,,,,,,,,,,,
848,5.3,,,,,,,,,,,,,,,,,,,,
849,5.3,,,,,,,,,,,,,,,,,,,,
850,5.3,,,,,,,,,,,,,,,,,,,,
851,5.3,,,,,,,,,,,,,,,,,,,,
852,5.3,,,,,,,,,,,,,,,,,,,,
853,5.3,,,,,,,,,,,,,,,,,,,,
854,5.3,,,,,,,,,,,,,,,,,,,,
855,5.3,,,,,,,,,,,,,,,,,,,,
856,5.3,,,,,,,,,,,,,,,,,,,,
857,5.3,,,,,,,,,,,,,,,,,,,,
858,5.3,,,,,,,,,,,,,,,,,,,,
859,5.3,,,,,,,,,,,,,,,,,,,,
860,5.3,,,,,,,,,,,,,,,,,,,,
861,5.3,,,,,,,,,,,,,,,,,,,,
862,5.3,,,,,,,,,,,,,,,,,,,,
863,5.3,,,,,,,,,,,,,,,,,,,,
864,5.3,,,,,,,,,,,,,,,,,,,,
865,5.3,,,,,,,,,,,,,,,,,,,,
866,5.3,,,,,,,,,,,,,,,,,,,,
867,5.3,,,,,,,,,,,,,,,,,,,,
868,5.3,,,,,,,,,,,,,,,,,,,,
869,5.3,,,,,,,,,,,,,,,,,,,,
870,5.3,,,,,,,,,,,,,,,,,,,,
871,5.3,,,,,,,,,,,,,,,,,,,,
872,5.3,,,,,,,,,,,,,,,,,,,,
873,5.3,,,,,,,,,,,,,,,,,,,,
874,5.3,,,,,,,,,,,,,,,,,,,,
875,5.3,,,,,,,,,,,,,,,,,,,,
876,5.3,,,,,,,,,,,,,,,,,,,,
877,5.3,,,,,,,,,,,,,,,,,,,,
878,5.3,,,,,,,,,,,,,,,,,,,,
879,5.3,,,,,,,,,,,,,,,,,,,,
880,5.3,,,,,,,,,,,,,,,,,,,,
881,5.3,,,,,,,,,,,,,,,,,,,,
882,5.3,,,,,,,,,,,,,,,,,,,,
883,5.3,,,,,,,,,,,,,,,,,,,,
884,5.3,,,,,,,,,,,,,,,,,,,,
885,5.3,,,,,,,,,,,,,,,,,,,,
886,5.3,,,,,,,,,,,,,,,,,,,,
887,5.3,,,,,,,,,,,,,,,,,,,,
888,5.3,,,,,,,,,,,,,,,,,,,,
889,5.3,,,,,,,,,,,,,,,,,,,,
890,5.3,,,,,,,,,,,,,,,,,,,,
891,5.3,,,,,,,,,,,,,,,,,,,,
892,5.3,,,,,,,,,,,,,,,,,,,,
893,5.3,,,,,,,,,,,,,,,,,,,,
894,5.3,,,,,,,,,,,,,,,,,,,,
895,5.3,,,,,,,,,,,,,,,,,,,,
896,5.3,,,,,,,,,,,,,,,,,,,,
897,5.3,,,,,,,,,,,,,,,,,,,,
898,5.3,,,,,,,,,,,,,,,,,,,,
899,5.3,,,,,,,,,,,,,,,,,,,,
900,5.3,,,,,,,,,,,,,,,,,,,,
901,5.3,,,,,,,,,,,,,,,,,,,,
902,5.3,,,,,,,,,,,,,,,,,,,,
903,5.3,,,,,,,,,,,,,,,,,,,,
904,5.3,,,,,,,,,,,,,,,,,,,,
905,5.3,,,,,,,,,,,,,,,,,,,,
906,5.3,,,,,,,,,,,,,,,,,,,,
907,5.3,,,,,,,,,,,,,,,,,,,,
908,5.3,,,,,,,,,,,,,,,,,,,,
909,5.3,,,,,,,,,,,,,,,,,,,,
910,5.3,,,,,,,,,,,,,,,,,,,,
911,5.3,,,,,,,,,,,,,,,,,,,,
912,5.3,,,,,,,,,,,,,,,,,,,,
913,5.4,,,,,,,,,,,,,,,,,,,,
914,5.4,,,,,,,,,,,,,,,,,,,,
915,5.4,,,,,,,,,,,,,,,,,,,,
916,5.4,,,,,,,,,,,,,,,,,,,,
917,5.4,,,,,,,,,,,,,,,,,,,,
918,5.4,,,,,,,,,,,,,,,,,,,,
919,5.4,,,,,,,,,,,,,,,,,,,,
920,5.4,,,,,,,,,,,,,,,,,,,,
921,5.4,,,,,,,,,,,,,,,,,,,,
922,5.4,,,,,,,,,,,,,,,,,,,,
923,5.4,,,,,,,,,,,,,,,,,,,,
924,5.4,,,,,,,,,,,,,,,,,,,,
925,5.4,,,,,,,,,,,,,,,,,,,,
926,5.4,,,,,,,,,,,,,,,,,,,,
927,5.4,,,,,,,,,,,,,,,,,,,,
928,5.4,,,,,,,,,,,,,,,,,,,,
929,5.4,,,,,,,,,,,,,,,,,,,,
930,5.4,,,,,,,,,,,,,,,,,,,,
931,5.4,,,,,,,,,,,,,,,,,,,,
932,5.4,,,,,,,,,,,,,,,,,,,,
933,5.4,,,,,,,,,,,,,,,,,,,,
934,5.4,,,,,,,,,,,,,,,,,,,,
935,5.4,,,,,,,,,,,,,,,,,,,,
936,5.4,,,,,,,,,,,,,,,,,,,,
937,5.4,,,,,,,,,,,,,,,,,,,,
938,5.4,,,,,,,,,,,,,,,,,,,,
939,5.4,,,,,,,,,,,,,,,,,,,,
940,5.4,,,,,,,,,,,,,,,,,,,,
941,5.4,,,,,,,,,,,,,,,,,,,,
942,5.4,,,,,,,,,,,,,,,,,,,,
943,5.4,,,,,,,,,,,,,,,,,,,,
944,5.4,,,,,,,,,,,,,,,,,,,,
945,5.4,,,,,,,,,,,,,,,,,,,,
946,5.4,,,,,,,,,,,,,,,,,,,,
947,5.4,,,,,,,,,,,,,,,,,,,,
948,5.4,,,,,,,,,,,,,,,,,,,,
949,5.4,,,,,,,,,,,,,,,,,,,,
950,5.4,,,,,,,,,,,,,,,,,,,,
951,5.4,,,,,,,,,,,,,,,,,,,,
952,5.4,,,,,,,,,,,,,,,,,,,,
953,5.4,,,,,,,,,,,,,,,,,,,,
954,5.4,,,,,,,,,,,,,,,,,,,,
955,5.4,,,,,,,,,,,,,,,,,,,,
956,5.4,,,,,,,,,,,,,,,,,,,,
957,5.4,,,,,,,,,,,,,,,,,,,,
958,5.4,,,,,,,,,,,,,,,,,,,,
959,5.4,,,,,,,,,,,,,,,,,,,,
960,5.4,,,,,,,,,,,,,,,,,,,,
961,5.4,,,,,,,,,,,,,,,,,,,,
962,5.4,,,,,,,,,,,,,,,,,,,,
963,5.4,,,,,,,,,,,,,,,,,,,,
964,5.4,,,,,,,,,,,,,,,,,,,,
965,5.4,,,,,,,,,,,,,,,,,,,,
966,5.4,,,,,,,,,,,,,,,,,,,,
967,5.4,,,,,,,,,,,,,,,,,,,,
968,5.4,,,,,,,,,,,,,,,,,,,,
969,5.4,,,,,,,,,,,,,,,,,,,,
970,5.4,,,,,,,,,,,,,,,,,,,,
971,5.4,,,,,,,,,,,,,,,,,,,,
972,5.4,,,,,,,,,,,,,,,,,,,,
973,5.4,,,,,,,,,,,,,,,,,,,,
974,5.4,,,,,,,,,,,,,,,,,,,,
975,5.4,,,,,,,,,,,,,,,,,,,,
976,5.4,,,,,,,,,,,,,,,,,,,,
977,5.4,,,,,,,,,,,,,,,,,,,,
978,5.4,,,,,,,,,,,,,,,,,,,,
979,5.4,,,,,,,,,,,,,,,,,,,,
980,5.4,,,,,,,,,,,,,,,,,,,,
981,5.4,,,,,,,,,,,,,,,,,,,,
982,5.4,,,,,,,,,,,,,,,,,,,,
983,5.4,,,,,,,,,,,,,,,,,,,,
984,5.4,,,,,,,,,,,,,,,,,,,,
985,5.4,,,,,,,,,,,,,,,,,,,,
986,5.4,,,,,,,,,,,,,,,,,,,,
987,5.4,,,,,,,,,,,,,,,,,,,,
988,5.4,,,,,,,,,,,,,,,,,,,,
989,5.4,,,,,,,,,,,,,,,,,,,,
990,5.4,,,,,,,,,,,,,,,,,,,,
991,5.4,,,,,,,,,,,,,,,,,,,,
992,5.4,,,,,,,,,,,,,,,,,,,,
993,5.4,,,,,,,,,,,,,,,,,,,,
994,5.4,,,,,,,,,,,,,,,,,,,,
995,5.4,,,,,,,,,,,,,,,,,,,,
996,5.4,,,,,,,,,,,,,,,,,,,,
997,5.4,,,,,,,,,,,,,,,,,,,,
998,5.4,,,,,,,,,,,,,,,,,,,,
999,5.4,,,,,,,,,,,,,,,,,,,,
1000,5.4,,,,,,,,,,,,,,,,,,,,
1001,5.4,,,,,,,,,,,,,,,,,,,,
1002,5.4,,,,,,,,,,,,,,,,,,,,
1003,5.4,,,,,,,,,,,,,,,,,,,,
1004,5.4,,,,,,,,,,,,,,,,,,,,
1005,5.4,,,,,,,,,,,,,,,,,,,,
1006,5.4,,,,,,,,,,,,,,,,,,,,
1007,5.4,,,,,,,,,,,,,,,,,,,,
1008,5.4,,,,,,,,,,,,,,,,,,,,
1009,5.4,,,,,,,,,,,,,,,,,,,,
1010,5.4,,,,,,,,,,,,,,,,,,,,
1011,5.4,,,,,,,,,,,,,,,,,,,,
1012,5.4,,,,,,,,,,,,,,,,,,,,
1013,5.4,,,,,,,,,,,,,,,,,,,,
1014,5.4,,,,,,,,,,,,,,,,,,,,
1015,5.4,,,,,,,,,,,,,,,,,,,,
1016,5.4,,,,,,,,,,,,,,,,,,,,
1017,5.4,,,,,,,,,,,,,,,,,,,,
1018,5.4,,,,,,,,,,,,,,,,,,,,
1019,5.4,,,,,,,,,,,,,,,,,,,,
1020,5.4,,,,,,,,,,,,,,,,,,,,
1021,5.4,,,,,,,,,,,,,,,,,,,,
1022,5.4,,,,,,,,,,,,,,,,,,,,
1023,5.4,,,,,,,,,,,,,,,,,,,,
1024,5.4,,,,,,,,,,,,,,,,,,,,
1025,5.4,,,,,,,,,,,,,,,,,,,,
1026,5.4,,,,,,,,,,,,,,,,,,,,
1027,5.4,,,,,,,,,,,,,,,,,,,,
1028,5.4,,,,,,,,,,,,,,,,,,,,
1029,5.4,,,,,,,,,,,,,,,,,,,,
1030,5.4,,,,,,,,,,,,,,,,,,,,
1031,5.4,,,,,,,,,,,,,,,,,,,,
1032,5.4,,,,,,,,,,,,,,,,,,,,
1033,5.4,,,,,,,,,,,,,,,,,,,,
1034,5.4,,,,,,,,,,,,,,,,,,,,
1035,5.4,,,,,,,,,,,,,,,,,,,,
1036,5.4,,,,,,,,,,,,,,,,,,,,
1037,5.4,,,,,,,,,,,,,,,,,,,,
1038,5.4,,,,,,,,,,,,,,,,,,,,
1039,5.4,,,,,,,,,,,,,,,,,,,,
1040,5.4,,,,,,,,,,,,,,,,,,,,
1041,5.4,,,,,,,,,,,,,,,,,,,,
1042,5.4,,,,,,,,,,,,,,,,,,,,
1043,5.4,,,,,,,,,,,,,,,,,,,,
1044,5.4,,,,,,,,,,,,,,,,,,,,
1045,5.4,,,,,,,,,,,,,,,,,,,,
1046,5.4,,,,,,,,,,,,,,,,,,,,
1047,5.4,,,,,,,,,,,,,,,,,,,,
1048,5.4,,,,,,,,,,,,,,,,,,,,
1049,5.4,,,,,,,,,,,,,,,,,,,,
1050,5.4,,,,,,,,,,,,,,,,,,,,
1051,5.4,,,,,,,,,,,,,,,,,,,,
1052,5.4,,,,,,,,,,,,,,,,,,,,
1053,5.5,,,,,,,,,,,,,,,,,,,,
1054,5.5,,,,,,,,,,,,,,,,,,,,
1055,5.5,,,,,,,,,,,,,,,,,,,,
1056,5.5,,,,,,,,,,,,,,,,,,,,
1057,5.5,,,,,,,,,,,,,,,,,,,,
1058,5.5,,,,,,,,,,,,,,,,,,,,
1059,5.5,,,,,,,,,,,,,,,,,,,,
1060,5.5,,,,,,,,,,,,,,,,,,,,
1061,5.5,,,,,,,,,,,,,,,,,,,,
1062,5.5,,,,,,,,,,,,,,,,,,,,
1063,5.5,,,,,,,,,,,,,,,,,,,,
1064,5.5,,,,,,,,,,,,,,,,,,,,
1065,5.5,,,,,,,,,,,,,,,,,,,,
1066,5.5,,,,,,,,,,,,,,,,,,,,
1067,5.5,,,,,,,,,,,,,,,,,,,,
1068,5.5,,,,,,,,,,,,,,,,,,,,
1069,5.5,,,,,,,,,,,,,,,,,,,,
1070,5.5,,,,,,,,,,,,,,,,,,,,
1071,5.5,,,,,,,,,,,,,,,,,,,,
1072,5.5,,,,,,,,,,,,,,,,,,,,
1073,5.5,,,,,,,,,,,,,,,,,,,,
1074,5.5,,,,,,,,,,,,,,,,,,,,
1075,5.5,,,,,,,,,,,,,,,,,,,,
1076,5.5,,,,,,,,,,,,,,,,,,,,
1077,5.5,,,,,,,,,,,,,,,,,,,,
1078,5.5,,,,,,,,,,,,,,,,,,,,
1079,5.5,,,,,,,,,,,,,,,,,,,,
1080,5.5,,,,,,,,,,,,,,,,,,,,
1081,5.5,,,,,,,,,,,,,,,,,,,,
1082,5.5,,,,,,,,,,,,,,,,,,,,
1083,5.5,,,,,,,,,,,,,,,,,,,,
1084,5.5,,,,,,,,,,,,,,,,,,,,
1085,5.5,,,,,,,,,,,,,,,,,,,,
1086,5.5,,,,,,,,,,,,,,,,,,,,
1087,5.5,,,,,,,,,,,,,,,,,,,,
1088,5.5,,,,,,,,,,,,,,,,,,,,
1089,5.5,,,,,,,,,,,,,,,,,,,,
1090,5.5,,,,,,,,,,,,,,,,,,,,
1091,5.5,,,,,,,,,,,,,,,,,,,,
1092,5.5,,,,,,,,,,,,,,,,,,,,
1093,5.5,,,,,,,,,,,,,,,,,,,,
1094,5.5,,,,,,,,,,,,,,,,,,,,
1095,5.5,,,,,,,,,,,,,,,,,,,,
1096,5.5,,,,,,,,,,,,,,,,,,,,
1097,5.5,,,,,,,,,,,,,,,,,,,,
1098,5.5,,,,,,,,,,,,,,,,,,,,
1099,5.5,,,,,,,,,,,,,,,,,,,,
1100,5.5,,,,,,,,,,,,,,,,,,,,
1101,5.5,,,,,,,,,,,,,,,,,,,,
1102,5.5,,,,,,,,,,,,,,,,,,,,
1103,5.5,,,,,,,,,,,,,,,,,,,,
1104,5.5,,,,,,,,,,,,,,,,,,,,
1105,5.5,,,,,,,,,,,,,,,,,,,,
1106,5.5,,,,,,,,,,,,,,,,,,,,
1107,5.5,,,,,,,,,,,,,,,,,,,,
1108,5.5,,,,,,,,,,,,,,,,,,,,
1109,5.5,,,,,,,,,,,,,,,,,,,,
1110,5.5,,,,,,,,,,,,,,,,,,,,
1111,5.5,,,,,,,,,,,,,,,,,,,,
1112,5.5,,,,,,,,,,,,,,,,,,,,
1113,5.5,,,,,,,,,,,,,,,,,,,,
1114,5.5,,,,,,,,,,,,,,,,,,,,
1115,5.5,,,,,,,,,,,,,,,,,,,,
1116,5.5,,,,,,,,,,,,,,,,,,,,
1117,5.5,,,,,,,,,,,,,,,,,,,,
1118,5.5,,,,,,,,,,,,,,,,,,,,
1119,5.5,,,,,,,,,,,,,,,,,,,,
1120,5.5,,,,,,,,,,,,,,,,,,,,
1121,5.5,,,,,,,,,,,,,,,,,,,,
1122,5.5,,,,,,,,,,,,,,,,,,,,
1123,5.5,,,,,,,,,,,,,,,,,,,,
1124,5.5,,,,,,,,,,,,,,,,,,,,
1125,5.5,,,,,,,,,,,,,,,,,,,,
1126,5.5,,,,,,,,,,,,,,,,,,,,
1127,5.5,,,,,,,,,,,,,,,,,,,,
1128,5.5,,,,,,,,,,,,,,,,,,,,
1129,5.5,,,,,,,,,,,,,,,,,,,,
1130,5.5,,,,,,,,,,,,,,,,,,,,
1131,5.5,,,,,,,,,,,,,,,,,,,,
1132,5.5,,,,,,,,,,,,,,,,,,,,
1133,5.5,,,,,,,,,,,,,,,,,,,,
1134,5.5,,,,,,,,,,,,,,,,,,,,
1135,5.5,,,,,,,,,,,,,,,,,,,,
1136,5.5,,,,,,,,,,,,,,,,,,,,
1137,5.5,,,,,,,,,,,,,,,,,,,,
1138,5.5,,,,,,,,,,,,,,,,,,,,
1139,5.5,,,,,,,,,,,,,,,,,,,,
1140,5.5,,,,,,,,,,,,,,,,,,,,
1141,5.5,,,,,,,,,,,,,,,,,,,,
1142,5.5,,,,,,,,,,,,,,,,,,,,
1143,5.5,,,,,,,,,,,,,,,,,,,,
1144,5.5,,,,,,,,,,,,,,,,,,,,
1145,5.5,,,,,,,,,,,,,,,,,,,,
1146,5.5,,,,,,,,,,,,,,,,,,,,
1147,5.5,,,,,,,,,,,,,,,,,,,,
1148,5.5,,,,,,,,,,,,,,,,,,,,
1149,5.5,,,,,,,,,,,,,,,,,,,,
1150,5.5,,,,,,,,,,,,,,,,,,,,
1151,5.5,,,,,,,,,,,,,,,,,,,,
1152,5.5,,,,,,,,,,,,,,,,,,,,
1153,5.5,,,,,,,,,,,,,,,,,,,,
1154,5.5,,,,,,,,,,,,,,,,,,,,
1155,5.5,,,,,,,,,,,,,,,,,,,,
1156,5.5,,,,,,,,,,,,,,,,,,,,
1157,5.5,,,,,,,,,,,,,,,,,,,,
1158,5.5,,,,,,,,,,,,,,,,,,,,
1159,5.5,,,,,,,,,,,,,,,,,,,,
1160,5.5,,,,,,,,,,,,,,,,,,,,
1161,5.5,,,,,,,,,,,,,,,,,,,,
1162,5.5,,,,,,,,,,,,,,,,,,,,
1163,5.5,,,,,,,,,,,,,,,,,,,,
1164,5.5,,,,,,,,,,,,,,,,,,,,
1165,5.5,,,,,,,,,,,,,,,,,,,,
1166,5.5,,,,,,,,,,,,,,,,,,,,
1167,5.5,,,,,,,,,,,,,,,,,,,,
1168,5.5,,,,,,,,,,,,,,,,,,,,
1169,5.5,,,,,,,,,,,,,,,,,,,,
1170,5.5,,,,,,,,,,,,,,,,,,,,
1171,5.5,,,,,,,,,,,,,,,,,,,,
1172,5.5,,,,,,,,,,,,,,,,,,,,
1173,5.5,,,,,,,,,,,,,,,,,,,,
1174,5.5,,,,,,,,,,,,,,,,,,,,
1175,5.5,,,,,,,,,,,,,,,,,,,,
1176,5.5,,,,,,,,,,,,,,,,,,,,
1177,5.5,,,,,,,,,,,,,,,,,,,,
1178,5.5,,,,,,,,,,,,,,,,,,,,
1179,5.5,,,,,,,,,,,,,,,,,,,,
1180,5.5,,,,,,,,,,,,,,,,,,,,
1181,5.5,,,,,,,,,,,,,,,,,,,,
1182,5.5,,,,,,,,,,,,,,,,,,,,
1183,5.5,,,,,,,,,,,,,,,,,,,,
1184,5.5,,,,,,,,,,,,,,,,,,,,
1185,5.5,,,,,,,,,,,,,,,,,,,,
1186,5.5,,,,,,,,,,,,,,,,,,,,
1187,5.5,,,,,,,,,,,,,,,,,,,,
1188,5.5,,,,,,,,,,,,,,,,,,,,
1189,5.5,,,,,,,,,,,,,,,,,,,,
1190,5.5,,,,,,,,,,,,,,,,,,,,
1191,5.5,,,,,,,,,,,,,,,,,,,,
1192,5.5,,,,,,,,,,,,,,,,,,,,
1193,5.5,,,,,,,,,,,,,,,,,,,,
1194,5.5,,,,,,,,,,,,,,,,,,,,
1195,5.5,,,,,,,,,,,,,,,,,,,,
1196,5.5,,,,,,,,,,,,,,,,,,,,
1197,5.5,,,,,,,,,,,,,,,,,,,,
1198,5.5,,,,,,,,,,,,,,,,,,,,
1199,5.5,,,,,,,,,,,,,,,,,,,,
1200,5.5,,,,,,,,,,,,,,,,,,,,
1201,5.5,,,,,,,,,,,,,,,,,,,,
1202,5.5,,,,,,,,,,,,,,,,,,,,
1203,5.5,,,,,,,,,,,,,,,,,,,,
1204,5.5,,,,,,,,,,,,,,,,,,,,
1205,5.5,,,,,,,,,,,,,,,,,,,,
1206,5.5,,,,,,,,,,,,,,,,,,,,
1207,5.5,,,,,,,,,,,,,,,,,,,,
1208,5.5,,,,,,,,,,,,,,,,,,,,
1209,5.5,,,,,,,,,,,,,,,,,,,,
1210,5.5,,,,,,,,,,,,,,,,,,,,
1211,5.5,,,,,,,,,,,,,,,,,,,,
1212,5.5,,,,,,,,,,,,,,,,,,,,
1213,5.5,,,,,,,,,,,,,,,,,,,,
1214,5.5,,,,,,,,,,,,,,,,,,,,
1215,5.5,,,,,,,,,,,,,,,,,,,,
1216,5.5,,,,,,,,,,,,,,,,,,,,
1217,5.5,,,,,,,,,,,,,,,,,,,,
1218,5.5,,,,,,,,,,,,,,,,,,,,
1219,5.5,,,,,,,,,,,,,,,,,,,,
1220,5.5,,,,,,,,,,,,,,,,,,,,
1221,5.5,,,,,,,,,,,,,,,,,,,,
1222,5.5,,,,,,,,,,,,,,,,,,,,
1223,5.5,,,,,,,,,,,,,,,,,,,,
1224,5.5,,,,,,,,,,,,,,,,,,,,
1225,5.5,,,,,,,,,,,,,,,,,,,,
1226,5.5,,,,,,,,,,,,,,,,,,,,
1227,5.5,,,,,,,,,,,,,,,,,,,,
1228,5.5,,,,,,,,,,,,,,,,,,,,
1229,5.5,,,,,,,,,,,,,,,,,,,,
1230,5.5,,,,,,,,,,,,,,,,,,,,
1231,5.5,,,,,,,,,,,,,,,,,,,,
1232,5.5,,,,,,,,,,,,,,,,,,,,
1233,5.5,,,,,,,,,,,,,,,,,,,,
1234,5.5,,,,,,,,,,,,,,,,,,,,
1235,5.5,,,,,,,,,,,,,,,,,,,,
1236,5.5,,,,,,,,,,,,,,,,,,,,
1237,5.5,,,,,,,,,,,,,,,,,,,,
1238,5.5,,,,,,,,,,,,,,,,,,,,
1239,5.5,,,,,,,,,,,,,,,,,,,,
1240,5.5,,,,,,,,,,,,,,,,,,,,
1241,5.5,,,,,,,,,,,,,,,,,,,,
1242,5.5,,,,,,,,,,,,,,,,,,,,
1243,5.5,,,,,,,,,,,,,,,,,,,,
1244,5.5,,,,,,,,,,,,,,,,,,,,
1245,5.5,,,,,,,,,,,,,,,,,,,,
1246,5.5,,,,,,,,,,,,,,,,,,,,
1247,5.5,,,,,,,,,,,,,,,,,,,,
1248,5.5,,,,,,,,,,,,,,,,,,,,
1249,5.5,,,,,,,,,,,,,,,,,,,,
1250,5.6,,,,,,,,,,,,,,,,,,,,
1251,5.6,,,,,,,,,,,,,,,,,,,,
1252,5.6,,,,,,,,,,,,,,,,,,,,
1253,5.6,,,,,,,,,,,,,,,,,,,,
1254,5.6,,,,,,,,,,,,,,,,,,,,
1255,5.6,,,,,,,,,,,,,,,,,,,,
1256,5.6,,,,,,,,,,,,,,,,,,,,
1257,5.6,,,,,,,,,,,,,,,,,,,,
1258,5.6,,,,,,,,,,,,,,,,,,,,
1259,5.6,,,,,,,,,,,,,,,,,,,,
1260,5.6,,,,,,,,,,,,,,,,,,,,
1261,5.6,,,,,,,,,,,,,,,,,,,,
1262,5.6,,,,,,,,,,,,,,,,,,,,
1263,5.6,,,,,,,,,,,,,,,,,,,,
1264,5.6,,,,,,,,,,,,,,,,,,,,
1265,5.6,,,,,,,,,,,,,,,,,,,,
1266,5.6,,,,,,,,,,,,,,,,,,,,
1267,5.6,,,,,,,,,,,,,,,,,,,,
1268,5.6,,,,,,,,,,,,,,,,,,,,
1269,5.6,,,,,,,,,,,,,,,,,,,,
1270,5.6,,,,,,,,,,,,,,,,,,,,
1271,5.6,,,,,,,,,,,,,,,,,,,,
1272,5.6,,,,,,,,,,,,,,,,,,,,
1273,5.6,,,,,,,,,,,,,,,,,,,,
1274,5.6,,,,,,,,,,,,,,,,,,,,
1275,5.6,,,,,,,,,,,,,,,,,,,,
1276,5.6,,,,,,,,,,,,,,,,,,,,
1277,5.6,,,,,,,,,,,,,,,,,,,,
1278,5.6,,,,,,,,,,,,,,,,,,,,
1279,5.6,,,,,,,,,,,,,,,,,,,,
1280,5.6,,,,,,,,,,,,,,,,,,,,
1281,5.6,,,,,,,,,,,,,,,,,,,,
1282,5.6,,,,,,,,,,,,,,,,,,,,
1283,5.6,,,,,,,,,,,,,,,,,,,,
1284,5.6,,,,,,,,,,,,,,,,,,,,
1285,5.6,,,,,,,,,,,,,,,,,,,,
1286,5.6,,,,,,,,,,,,,,,,,,,,
1287,5.6,,,,,,,,,,,,,,,,,,,,
1288,5.6,,,,,,,,,,,,,,,,,,,,
1289,5.6,,,,,,,,,,,,,,,,,,,,
1290,5.6,,,,,,,,,,,,,,,,,,,,
1291,5.6,,,,,,,,,,,,,,,,,,,,
1292,5.6,,,,,,,,,,,,,,,,,,,,
1293,5.6,,,,,,,,,,,,,,,,,,,,
1294,5.6,,,,,,,,,,,,,,,,,,,,
1295,5.6,,,,,,,,,,,,,,,,,,,,
1296,5.6,,,,,,,,,,,,,,,,,,,,
1297,5.6,,,,,,,,,,,,,,,,,,,,
1298,5.6,,,,,,,,,,,,,,,,,,,,
1299,5.6,,,,,,,,,,,,,,,,,,,,
1300,5.6,,,,,,,,,,,,,,,,,,,,
1301,5.6,,,,,,,,,,,,,,,,,,,,
1302,5.6,,,,,,,,,,,,,,,,,,,,
1303,5.6,,,,,,,,,,,,,,,,,,,,
1304,5.6,,,,,,,,,,,,,,,,,,,,
1305,5.6,,,,,,,,,,,,,,,,,,,,
1306,5.6,,,,,,,,,,,,,,,,,,,,
1307,5.6,,,,,,,,,,,,,,,,,,,,
1308,5.6,,,,,,,,,,,,,,,,,,,,
1309,5.6,,,,,,,,,,,,,,,,,,,,
1310,5.6,,,,,,,,,,,,,,,,,,,,
1311,5.6,,,,,,,,,,,,,,,,,,,,
1312,5.6,,,,,,,,,,,,,,,,,,,,
1313,5.6,,,,,,,,,,,,,,,,,,,,
1314,5.6,,,,,,,,,,,,,,,,,,,,
1315,5.6,,,,,,,,,,,,,,,,,,,,
1316,5.6,,,,,,,,,,,,,,,,,,,,
1317,5.6,,,,,,,,,,,,,,,,,,,,
1318,5.6,,,,,,,,,,,,,,,,,,,,
1319,5.6,,,,,,,,,,,,,,,,,,,,
1320,5.6,,,,,,,,,,,,,,,,,,,,
1321,5.6,,,,,,,,,,,,,,,,,,,,
1322,5.6,,,,,,,,,,,,,,,,,,,,
1323,5.6,,,,,,,,,,,,,,,,,,,,
1324,5.6,,,,,,,,,,,,,,,,,,,,
1325,5.6,,,,,,,,,,,,,,,,,,,,
1326,5.6,,,,,,,,,,,,,,,,,,,,
1327,5.6,,,,,,,,,,,,,,,,,,,,
1328,5.6,,,,,,,,,,,,,,,,,,,,
1329,5.6,,,,,,,,,,,,,,,,,,,,
1330,5.6,,,,,,,,,,,,,,,,,,,,
1331,5.6,,,,,,,,,,,,,,,,,,,,
1332,5.6,,,,,,,,,,,,,,,,,,,,
1333,5.6,,,,,,,,,,,,,,,,,,,,
1334,5.6,,,,,,,,,,,,,,,,,,,,
1335,5.6,,,,,,,,,,,,,,,,,,,,
1336,5.6,,,,,,,,,,,,,,,,,,,,
1337,5.6,,,,,,,,,,,,,,,,,,,,
1338,5.6,,,,,,,,,,,,,,,,,,,,
1339,5.6,,,,,,,,,,,,,,,,,,,,
1340,5.6,,,,,,,,,,,,,,,,,,,,
1341,5.6,,,,,,,,,,,,,,,,,,,,
1342,5.6,,,,,,,,,,,,,,,,,,,,
1343,5.6,,,,,,,,,,,,,,,,,,,,
1344,5.6,,,,,,,,,,,,,,,,,,,,
1345,5.6,,,,,,,,,,,,,,,,,,,,
1346,5.6,,,,,,,,,,,,,,,,,,,,
1347,5.6,,,,,,,,,,,,,,,,,,,,
1348,5.6,,,,,,,,,,,,,,,,,,,,
1349,5.6,,,,,,,,,,,,,,,,,,,,
1350,5.6,,,,,,,,,,,,,,,,,,,,
1351,5.6,,,,,,,,,,,,,,,,,,,,
1352,5.6,,,,,,,,,,,,,,,,,,,,
1353,5.6,,,,,,,,,,,,,,,,,,,,
1354,5.6,,,,,,,,,,,,,,,,,,,,
1355,5.6,,,,,,,,,,,,,,,,,,,,
1356,5.6,,,,,,,,,,,,,,,,,,,,
1357,5.6,,,,,,,,,,,,,,,,,,,,
1358,5.6,,,,,,,,,,,,,,,,,,,,
1359,5.6,,,,,,,,,,,,,,,,,,,,
1360,5.6,,,,,,,,,,,,,,,,,,,,
1361,5.6,,,,,,,,,,,,,,,,,,,,
1362,5.6,,,,,,,,,,,,,,,,,,,,
1363,5.6,,,,,,,,,,,,,,,,,,,,
1364,5.6,,,,,,,,,,,,,,,,,,,,
1365,5.6,,,,,,,,,,,,,,,,,,,,
1366,5.6,,,,,,,,,,,,,,,,,,,,
1367,5.6,,,,,,,,,,,,,,,,,,,,
1368,5.6,,,,,,,,,,,,,,,,,,,,
1369,5.6,,,,,,,,,,,,,,,,,,,,
1370,5.6,,,,,,,,,,,,,,,,,,,,
1371,5.6,,,,,,,,,,,,,,,,,,,,
1372,5.6,,,,,,,,,,,,,,,,,,,,
1373,5.6,,,,,,,,,,,,,,,,,,,,
1374,5.6,,,,,,,,,,,,,,,,,,,,
1375,5.6,,,,,,,,,,,,,,,,,,,,
1376,5.6,,,,,,,,,,,,,,,,,,,,
1377,5.6,,,,,,,,,,,,,,,,,,,,
1378,5.6,,,,,,,,,,,,,,,,,,,,
1379,5.6,,,,,,,,,,,,,,,,,,,,
1380,5.6,,,,,,,,,,,,,,,,,,,,
1381,5.6,,,,,,,,,,,,,,,,,,,,
1382,5.6,,,,,,,,,,,,,,,,,,,,
1383,5.6,,,,,,,,,,,,,,,,,,,,
1384,5.6,,,,,,,,,,,,,,,,,,,,
1385,5.6,,,,,,,,,,,,,,,,,,,,
1386,5.6,,,,,,,,,,,,,,,,,,,,
1387,5.6,,,,,,,,,,,,,,,,,,,,
1388,5.6,,,,,,,,,,,,,,,,,,,,
1389,5.6,,,,,,,,,,,,,,,,,,,,
1390,5.6,,,,,,,,,,,,,,,,,,,,
1391,5.6,,,,,,,,,,,,,,,,,,,,
1392,5.6,,,,,,,,,,,,,,,,,,,,
1393,5.6,,,,,,,,,,,,,,,,,,,,
1394,5.6,,,,,,,,,,,,,,,,,,,,
1395,5.6,,,,,,,,,,,,,,,,,,,,
1396,5.6,,,,,,,,,,,,,,,,,,,,
1397,5.6,,,,,,,,,,,,,,,,,,,,
1398,5.6,,,,,,,,,,,,,,,,,,,,
1399,5.6,,,,,,,,,,,,,,,,,,,,
1400,5.6,,,,,,,,,,,,,,,,,,,,
1401,5.6,,,,,,,,,,,,,,,,,,,,
1402,5.6,,,,,,,,,,,,,,,,,,,,
1403,5.6,,,,,,,,,,,,,,,,,,,,
1404,5.7,,,,,,,,,,,,,,,,,,,,
1405,5.7,,,,,,,,,,,,,,,,,,,,
1406,5.7,,,,,,,,,,,,,,,,,,,,
1407,5.7,,,,,,,,,,,,,,,,,,,,
1408,5.7,,,,,,,,,,,,,,,,,,,,
1409,5.7,,,,,,,,,,,,,,,,,,,,
1410,5.7,,,,,,,,,,,,,,,,,,,,
1411,5.7,,,,,,,,,,,,,,,,,,,,
1412,5.7,,,,,,,,,,,,,,,,,,,,
1413,5.7,,,,,,,,,,,,,,,,,,,,
1414,5.7,,,,,,,,,,,,,,,,,,,,
1415,5.7,,,,,,,,,,,,,,,,,,,,
1416,5.7,,,,,,,,,,,,,,,,,,,,
1417,5.7,,,,,,,,,,,,,,,,,,,,
1418,5.7,,,,,,,,,,,,,,,,,,,,
1419,5.7,,,,,,,,,,,,,,,,,,,,
1420,5.7,,,,,,,,,,,,,,,,,,,,
1421,5.7,,,,,,,,,,,,,,,,,,,,
1422,5.7,,,,,,,,,,,,,,,,,,,,
1423,5.7,,,,,,,,,,,,,,,,,,,,
1424,5.7,,,,,,,,,,,,,,,,,,,,
1425,5.7,,,,,,,,,,,,,,,,,,,,
1426,5.7,,,,,,,,,,,,,,,,,,,,
1427,5.7,,,,,,,,,,,,,,,,,,,,
1428,5.7,,,,,,,,,,,,,,,,,,,,
1429,5.7,,,,,,,,,,,,,,,,,,,,
1430,5.7,,,,,,,,,,,,,,,,,,,,
1431,5.7,,,,,,,,,,,,,,,,,,,,
1432,5.7,,,,,,,,,,,,,,,,,,,,
1433,5.7,,,,,,,,,,,,,,,,,,,,
1434,5.7,,,,,,,,,,,,,,,,,,,,
1435,5.7,,,,,,,,,,,,,,,,,,,,
1436,5.7,,,,,,,,,,,,,,,,,,,,
1437,5.7,,,,,,,,,,,,,,,,,,,,
1438,5.7,,,,,,,,,,,,,,,,,,,,
1439,5.7,,,,,,,,,,,,,,,,,,,,
1440,5.7,,,,,,,,,,,,,,,,,,,,
1441,5.7,,,,,,,,,,,,,,,,,,,,
1442,5.7,,,,,,,,,,,,,,,,,,,,
1443,5.7,,,,,,,,,,,,,,,,,,,,
1444,5.7,,,,,,,,,,,,,,,,,,,,
1445,5.7,,,,,,,,,,,,,,,,,,,,
1446,5.7,,,,,,,,,,,,,,,,,,,,
1447,5.7,,,,,,,,,,,,,,,,,,,,
1448,5.7,,,,,,,,,,,,,,,,,,,,
1449,5.7,,,,,,,,,,,,,,,,,,,,
1450,5.7,,,,,,,,,,,,,,,,,,,,
1451,5.7,,,,,,,,,,,,,,,,,,,,
1452,5.7,,,,,,,,,,,,,,,,,,,,
1453,5.7,,,,,,,,,,,,,,,,,,,,
1454,5.7,,,,,,,,,,,,,,,,,,,,
1455,5.7,,,,,,,,,,,,,,,,,,,,
1456,5.7,,,,,,,,,,,,,,,,,,,,
1457,5.7,,,,,,,,,,,,,,,,,,,,
1458,5.7,,,,,,,,,,,,,,,,,,,,
1459,5.7,,,,,,,,,,,,,,,,,,,,
1460,5.7,,,,,,,,,,,,,,,,,,,,
1461,5.7,,,,,,,,,,,,,,,,,,,,
1462,5.7,,,,,,,,,,,,,,,,,,,,
1463,5.7,,,,,,,,,,,,,,,,,,,,
1464,5.7,,,,,,,,,,,,,,,,,,,,
1465,5.7,,,,,,,,,,,,,,,,,,,,
1466,5.7,,,,,,,,,,,,,,,,,,,,
1467,5.7,,,,,,,,,,,,,,,,,,,,
1468,5.7,,,,,,,,,,,,,,,,,,,,
1469,5.7,,,,,,,,,,,,,,,,,,,,
1470,5.7,,,,,,,,,,,,,,,,,,,,
1471,5.7,,,,,,,,,,,,,,,,,,,,
1472,5.7,,,,,,,,,,,,,,,,,,,,
1473,5.7,,,,,,,,,,,,,,,,,,,,
1474,5.7,,,,,,,,,,,,,,,,,,,,
1475,5.7,,,,,,,,,,,,,,,,,,,,
1476,5.7,,,,,,,,,,,,,,,,,,,,
1477,5.7,,,,,,,,,,,,,,,,,,,,
1478,5.7,,,,,,,,,,,,,,,,,,,,
1479,5.7,,,,,,,,,,,,,,,,,,,,
1480,5.7,,,,,,,,,,,,,,,,,,,,
1481,5.7,,,,,,,,,,,,,,,,,,,,
1482,5.7,,,,,,,,,,,,,,,,,,,,
1483,5.7,,,,,,,,,,,,,,,,,,,,
1484,5.7,,,,,,,,,,,,,,,,,,,,
1485,5.7,,,,,,,,,,,,,,,,,,,,
1486,5.7,,,,,,,,,,,,,,,,,,,,
1487,5.7,,,,,,,,,,,,,,,,,,,,
1488,5.7,,,,,,,,,,,,,,,,,,,,
1489,5.7,,,,,,,,,,,,,,,,,,,,
1490,5.7,,,,,,,,,,,,,,,,,,,,
1491,5.7,,,,,,,,,,,,,,,,,,,,
1492,5.7,,,,,,,,,,,,,,,,,,,,
1493,5.7,,,,,,,,,,,,,,,,,,,,
1494,5.7,,,,,,,,,,,,,,,,,,,,
1495,5.7,,,,,,,,,,,,,,,,,,,,
1496,5.7,,,,,,,,,,,,,,,,,,,,
1497,5.7,,,,,,,,,,,,,,,,,,,,
1498,5.7,,,,,,,,,,,,,,,,,,,,
1499,5.7,,,,,,,,,,,,,,,,,,,,
1500,5.7,,,,,,,,,,,,,,,,,,,,
1501,5.7,,,,,,,,,,,,,,,,,,,,
1502,5.7,,,,,,,,,,,,,,,,,,,,
1503,5.7,,,,,,,,,,,,,,,,,,,,
1504,5.7,,,,,,,,,,,,,,,,,,,,
1505,5.7,,,,,,,,,,,,,,,,,,,,
1506,5.7,,,,,,,,,,,,,,,,,,,,
1507,5.7,,,,,,,,,,,,,,,,,,,,
1508,5.7,,,,,,,,,,,,,,,,,,,,
1509,5.7,,,,,,,,,,,,,,,,,,,,
1510,5.7,,,,,,,,,,,,,,,,,,,,
1511,5.7,,,,,,,,,,,,,,,,,,,,
1512,5.7,,,,,,,,,,,,,,,,,,,,
1513,5.7,,,,,,,,,,,,,,,,,,,,
1514,5.7,,,,,,,,,,,,,,,,,,,,
1515,5.7,,,,,,,,,,,,,,,,,,,,
1516,5.7,,,,,,,,,,,,,,,,,,,,
1517,5.7,,,,,,,,,,,,,,,,,,,,
1518,5.7,,,,,,,,,,,,,,,,,,,,
1519,5.7,,,,,,,,,,,,,,,,,,,,
1520,5.7,,,,,,,,,,,,,,,,,,,,
1521,5.7,,,,,,,,,,,,,,,,,,,,
1522,5.7,,,,,,,,,,,,,,,,,,,,
1523,5.7,,,,,,,,,,,,,,,,,,,,
1524,5.7,,,,,,,,,,,,,,,,,,,,
1525,5.7,,,,,,,,,,,,,,,,,,,,
1526,5.7,,,,,,,,,,,,,,,,,,,,
1527,5.7,,,,,,,,,,,,,,,,,,,,
1528,5.7,,,,,,,,,,,,,,,,,,,,
1529,5.7,,,,,,,,,,,,,,,,,,,,
1530,5.7,,,,,,,,,,,,,,,,,,,,
1531,5.7,,,,,,,,,,,,,,,,,,,,
1532,5.7,,,,,,,,,,,,,,,,,,,,
1533,5.7,,,,,,,,,,,,,,,,,,,,
1534,5.7,,,,,,,,,,,,,,,,,,,,
1535,5.7,,,,,,,,,,,,,,,,,,,,
1536,5.7,,,,,,,,,,,,,,,,,,,,
1537,5.7,,,,,,,,,,,,,,,,,,,,
1538,5.7,,,,,,,,,,,,,,,,,,,,
1539,5.7,,,,,,,,,,,,,,,,,,,,
1540,5.7,,,,,,,,,,,,,,,,,,,,
1541,5.7,,,,,,,,,,,,,,,,,,,,
1542,5.7,,,,,,,,,,,,,,,,,,,,
1543,5.7,,,,,,,,,,,,,,,,,,,,
1544,5.7,,,,,,,,,,,,,,,,,,,,
1545,5.7,,,,,,,,,,,,,,,,,,,,
1546,5.7,,,,,,,,,,,,,,,,,,,,
1547,5.7,,,,,,,,,,,,,,,,,,,,
1548,5.7,,,,,,,,,,,,,,,,,,,,
1549,5.7,,,,,,,,,,,,,,,,,,,,
1550,5.7,,,,,,,,,,,,,,,,,,,,
1551,5.7,,,,,,,,,,,,,,,,,,,,
1552,5.7,,,,,,,,,,,,,,,,,,,,
1553,5.7,,,,,,,,,,,,,,,,,,,,
1554,5.7,,,,,,,,,,,,,,,,,,,,
1555,5.7,,,,,,,,,,,,,,,,,,,,
1556,5.7,,,,,,,,,,,,,,,,,,,,
1557,5.7,,,,,,,,,,,,,,,,,,,,
1558,5.7,,,,,,,,,,,,,,,,,,,,
1559,5.7,,,,,,,,,,,,,,,,,,,,
1560,5.7,,,,,,,,,,,,,,,,,,,,
1561,5.7,,,,,,,,,,,,,,,,,,,,
1562,5.7,,,,,,,,,,,,,,,,,,,,
1563,5.7,,,,,,,,,,,,,,,,,,,,
1564,5.8,,,,,,,,,,,,,,,,,,,,
1565,5.8,,,,,,,,,,,,,,,,,,,,
1566,5.8,,,,,,,,,,,,,,,,,,,,
1567,5.8,,,,,,,,,,,,,,,,,,,,
1568,5.8,,,,,,,,,,,,,,,,,,,,
1569,5.8,,,,,,,,,,,,,,,,,,,,
1570,5.8,,,,,,,,,,,,,,,,,,,,
1571,5.8,,,,,,,,,,,,,,,,,,,,
1572,5.8,,,,,,,,,,,,,,,,,,,,
1573,5.8,,,,,,,,,,,,,,,,,,,,
1574,5.8,,,,,,,,,,,,,,,,,,,,
1575,5.8,,,,,,,,,,,,,,,,,,,,
1576,5.8,,,,,,,,,,,,,,,,,,,,
1577,5.8,,,,,,,,,,,,,,,,,,,,
1578,5.8,,,,,,,,,,,,,,,,,,,,
1579,5.8,,,,,,,,,,,,,,,,,,,,
1580,5.8,,,,,,,,,,,,,,,,,,,,
1581,5.8,,,,,,,,,,,,,,,,,,,,
1582,5.8,,,,,,,,,,,,,,,,,,,,
1583,5.8,,,,,,,,,,,,,,,,,,,,
1584,5.8,,,,,,,,,,,,,,,,,,,,
1585,5.8,,,,,,,,,,,,,,,,,,,,
1586,5.8,,,,,,,,,,,,,,,,,,,,
1587,5.8,,,,,,,,,,,,,,,,,,,,
1588,5.8,,,,,,,,,,,,,,,,,,,,
1589,5.8,,,,,,,,,,,,,,,,,,,,
1590,5.8,,,,,,,,,,,,,,,,,,,,
1591,5.8,,,,,,,,,,,,,,,,,,,,
1592,5.8,,,,,,,,,,,,,,,,,,,,
1593,5.8,,,,,,,,,,,,,,,,,,,,
1594,5.8,,,,,,,,,,,,,,,,,,,,
1595,5.8,,,,,,,,,,,,,,,,,,,,
1596,5.8,,,,,,,,,,,,,,,,,,,,
1597,5.8,,,,,,,,,,,,,,,,,,,,
1598,5.8,,,,,,,,,,,,,,,,,,,,
1599,5.8,,,,,,,,,,,,,,,,,,,,
1600,5.8,,,,,,,,,,,,,,,,,,,,
1601,5.8,,,,,,,,,,,,,,,,,,,,
1602,5.8,,,,,,,,,,,,,,,,,,,,
1603,5.8,,,,,,,,,,,,,,,,,,,,
1604,5.8,,,,,,,,,,,,,,,,,,,,
1605,5.8,,,,,,,,,,,,,,,,,,,,
1606,5.8,,,,,,,,,,,,,,,,,,,,
1607,5.8,,,,,,,,,,,,,,,,,,,,
1608,5.8,,,,,,,,,,,,,,,,,,,,
1609,5.8,,,,,,,,,,,,,,,,,,,,
1610,5.8,,,,,,,,,,,,,,,,,,,,
1611,5.8,,,,,,,,,,,,,,,,,,,,
1612,5.8,,,,,,,,,,,,,,,,,,,,
1613,5.8,,,,,,,,,,,,,,,,,,,,
1614,5.8,,,,,,,,,,,,,,,,,,,,
1615,5.8,,,,,,,,,,,,,,,,,,,,
1616,5.8,,,,,,,,,,,,,,,,,,,,
1617,5.8,,,,,,,,,,,,,,,,,,,,
1618,5.8,,,,,,,,,,,,,,,,,,,,
1619,5.8,,,,,,,,,,,,,,,,,,,,
1620,5.8,,,,,,,,,,,,,,,,,,,,
1621,5.8,,,,,,,,,,,,,,,,,,,,
1622,5.8,,,,,,,,,,,,,,,,,,,,
1623,5.8,,,,,,,,,,,,,,,,,,,,
1624,5.8,,,,,,,,,,,,,,,,,,,,
1625,5.8,,,,,,,,,,,,,,,,,,,,
1626,5.8,,,,,,,,,,,,,,,,,,,,
1627,5.8,,,,,,,,,,,,,,,,,,,,
1628,5.8,,,,,,,,,,,,,,,,,,,,
1629,5.8,,,,,,,,,,,,,,,,,,,,
1630,5.8,,,,,,,,,,,,,,,,,,,,
1631,5.8,,,,,,,,,,,,,,,,,,,,
1632,5.8,,,,,,,,,,,,,,,,,,,,
1633,5.8,,,,,,,,,,,,,,,,,,,,
1634,5.8,,,,,,,,,,,,,,,,,,,,
1635,5.8,,,,,,,,,,,,,,,,,,,,
1636,5.8,,,,,,,,,,,,,,,,,,,,
1637,5.8,,,,,,,,,,,,,,,,,,,,
1638,5.8,,,,,,,,,,,,,,,,,,,,
1639,5.8,,,,,,,,,,,,,,,,,,,,
1640,5.8,,,,,,,,,,,,,,,,,,,,
1641,5.8,,,,,,,,,,,,,,,,,,,,
1642,5.8,,,,,,,,,,,,,,,,,,,,
1643,5.8,,,,,,,,,,,,,,,,,,,,
1644,5.8,,,,,,,,,,,,,,,,,,,,
1645,5.8,,,,,,,,,,,,,,,,,,,,
1646,5.8,,,,,,,,,,,,,,,,,,,,
1647,5.8,,,,,,,,,,,,,,,,,,,,
1648,5.8,,,,,,,,,,,,,,,,,,,,
1649,5.8,,,,,,,,,,,,,,,,,,,,
1650,5.8,,,,,,,,,,,,,,,,,,,,
1651,5.8,,,,,,,,,,,,,,,,,,,,
1652,5.8,,,,,,,,,,,,,,,,,,,,
1653,5.8,,,,,,,,,,,,,,,,,,,,
1654,5.8,,,,,,,,,,,,,,,,,,,,
1655,5.8,,,,,,,,,,,,,,,,,,,,
1656,5.8,,,,,,,,,,,,,,,,,,,,
1657,5.8,,,,,,,,,,,,,,,,,,,,
1658,5.8,,,,,,,,,,,,,,,,,,,,
1659,5.8,,,,,,,,,,,,,,,,,,,,
1660,5.8,,,,,,,,,,,,,,,,,,,,
1661,5.8,,,,,,,,,,,,,,,,,,,,
1662,5.8,,,,,,,,,,,,,,,,,,,,
1663,5.8,,,,,,,,,,,,,,,,,,,,
1664,5.8,,,,,,,,,,,,,,,,,,,,
1665,5.8,,,,,,,,,,,,,,,,,,,,
1666,5.8,,,,,,,,,,,,,,,,,,,,
1667,5.8,,,,,,,,,,,,,,,,,,,,
1668,5.8,,,,,,,,,,,,,,,,,,,,
1669,5.8,,,,,,,,,,,,,,,,,,,,
1670,5.8,,,,,,,,,,,,,,,,,,,,
1671,5.8,,,,,,,,,,,,,,,,,,,,
1672,5.8,,,,,,,,,,,,,,,,,,,,
1673,5.8,,,,,,,,,,,,,,,,,,,,
1674,5.8,,,,,,,,,,,,,,,,,,,,
1675,5.8,,,,,,,,,,,,,,,,,,,,
1676,5.8,,,,,,,,,,,,,,,,,,,,
1677,5.8,,,,,,,,,,,,,,,,,,,,
1678,5.8,,,,,,,,,,,,,,,,,,,,
1679,5.8,,,,,,,,,,,,,,,,,,,,
1680,5.8,,,,,,,,,,,,,,,,,,,,
1681,5.8,,,,,,,,,,,,,,,,,,,,
1682,5.8,,,,,,,,,,,,,,,,,,,,
1683,5.8,,,,,,,,,,,,,,,,,,,,
1684,5.8,,,,,,,,,,,,,,,,,,,,
1685,5.8,,,,,,,,,,,,,,,,,,,,
1686,5.8,,,,,,,,,,,,,,,,,,,,
1687,5.8,,,,,,,,,,,,,,,,,,,,
1688,5.8,,,,,,,,,,,,,,,,,,,,
1689,5.8,,,,,,,,,,,,,,,,,,,,
1690,5.8,,,,,,,,,,,,,,,,,,,,
1691,5.8,,,,,,,,,,,,,,,,,,,,
1692,5.8,,,,,,,,,,,,,,,,,,,,
1693,5.8,,,,,,,,,,,,,,,,,,,,
1694,5.8,,,,,,,,,,,,,,,,,,,,
1695,5.8,,,,,,,,,,,,,,,,,,,,
1696,5.8,,,,,,,,,,,,,,,,,,,,
1697,5.8,,,,,,,,,,,,,,,,,,,,
1698,5.8,,,,,,,,,,,,,,,,,,,,
1699,5.8,,,,,,,,,,,,,,,,,,,,
1700,5.8,,,,,,,,,,,,,,,,,,,,
1701,5.8,,,,,,,,,,,,,,,,,,,,
1702,5.8,,,,,,,,,,,,,,,,,,,,
1703,5.8,,,,,,,,,,,,,,,,,,,,
1704,5.8,,,,,,,,,,,,,,,,,,,,
1705,5.8,,,,,,,,,,,,,,,,,,,,
1706,5.8,,,,,,,,,,,,,,,,,,,,
1707,5.8,,,,,,,,,,,,,,,,,,,,
1708,5.8,,,,,,,,,,,,,,,,,,,,
1709,5.8,,,,,,,,,,,,,,,,,,,,
1710,5.8,,,,,,,,,,,,,,,,,,,,
1711,5.8,,,,,,,,,,,,,,,,,,,,
1712,5.8,,,,,,,,,,,,,,,,,,,,
1713,5.8,,,,,,,,,,,,,,,,,,,,
1714,5.8,,,,,,,,,,,,,,,,,,,,
1715,5.8,,,,,,,,,,,,,,,,,,,,
1716,5.8,,,,,,,,,,,,,,,,,,,,
1717,5.8,,,,,,,,,,,,,,,,,,,,
1718,5.8,,,,,,,,,,,,,,,,,,,,
1719,5.8,,,,,,,,,,,,,,,,,,,,
1720,5.8,,,,,,,,,,,,,,,,,,,,
1721,5.8,,,,,,,,,,,,,,,,,,,,
1722,5.8,,,,,,,,,,,,,,,,,,,,
1723,5.8,,,,,,,,,,,,,,,,,,,,
1724,5.8,,,,,,,,,,,,,,,,,,,,
1725,5.8,,,,,,,,,,,,,,,,,,,,
1726,5.8,,,,,,,,,,,,,,,,,,,,
1727,5.8,,,,,,,,,,,,,,,,,,,,
1728,5.8,,,,,,,,,,,,,,,,,,,,
1729,5.8,,,,,,,,,,,,,,,,,,,,
1730,5.8,,,,,,,,,,,,,,,,,,,,
1731,5.8,,,,,,,,,,,,,,,,,,,,
1732,5.8,,,,,,,,,,,,,,,,,,,,
1733,5.8,,,,,,,,,,,,,,,,,,,,
1734,5.8,,,,,,,,,,,,,,,,,,,,
1735,5.8,,,,,,,,,,,,,,,,,,,,
1736,5.8,,,,,,,,,,,,,,,,,,,,
1737,5.8,,,,,,,,,,,,,,,,,,,,
1738,5.8,,,,,,,,,,,,,,,,,,,,
1739,5.8,,,,,,,,,,,,,,,,,,,,
1740,5.8,,,,,,,,,,,,,,,,,,,,
1741,5.8,,,,,,,,,,,,,,,,,,,,
1742,5.8,,,,,,,,,,,,,,,,,,,,
1743,5.8,,,,,,,,,,,,,,,,,,,,
1744,5.8,,,,,,,,,,,,,,,,,,,,
1745,5.8,,,,,,,,,,,,,,,,,,,,
1746,5.8,,,,,,,,,,,,,,,,,,,,
1747,5.8,,,,,,,,,,,,,,,,,,,,
1748,5.8,,,,,,,,,,,,,,,,,,,,
1749,5.8,,,,,,,,,,,,,,,,,,,,
1750,5.8,,,,,,,,,,,,,,,,,,,,
1751,5.8,,,,,,,,,,,,,,,,,,,,
1752,5.8,,,,,,,,,,,,,,,,,,,,
1753,5.8,,,,,,,,,,,,,,,,,,,,
1754,5.8,,,,,,,,,,,,,,,,,,,,
1755,5.8,,,,,,,,,,,,,,,,,,,,
1756,5.8,,,,,,,,,,,,,,,,,,,,
1757,5.8,,,,,,,,,,,,,,,,,,,,
1758,5.8,,,,,,,,,,,,,,,,,,,,
1759,5.9,,,,,,,,,,,,,,,,,,,,
1760,5.9,,,,,,,,,,,,,,,,,,,,
1761,5.9,,,,,,,,,,,,,,,,,,,,
1762,5.9,,,,,,,,,,,,,,,,,,,,
1763,5.9,,,,,,,,,,,,,,,,,,,,
1764,5.9,,,,,,,,,,,,,,,,,,,,
1765,5.9,,,,,,,,,,,,,,,,,,,,
1766,5.9,,,,,,,,,,,,,,,,,,,,
1767,5.9,,,,,,,,,,,,,,,,,,,,
1768,5.9,,,,,,,,,,,,,,,,,,,,
1769,5.9,,,,,,,,,,,,,,,,,,,,
1770,5.9,,,,,,,,,,,,,,,,,,,,
1771,5.9,,,,,,,,,,,,,,,,,,,,
1772,5.9,,,,,,,,,,,,,,,,,,,,
1773,5.9,,,,,,,,,,,,,,,,,,,,
1774,5.9,,,,,,,,,,,,,,,,,,,,
1775,5.9,,,,,,,,,,,,,,,,,,,,
1776,5.9,,,,,,,,,,,,,,,,,,,,
1777,5.9,,,,,,,,,,,,,,,,,,,,
1778,5.9,,,,,,,,,,,,,,,,,,,,
1779,5.9,,,,,,,,,,,,,,,,,,,,
1780,5.9,,,,,,,,,,,,,,,,,,,,
1781,5.9,,,,,,,,,,,,,,,,,,,,
1782,5.9,,,,,,,,,,,,,,,,,,,,
1783,5.9,,,,,,,,,,,,,,,,,,,,
1784,5.9,,,,,,,,,,,,,,,,,,,,
1785,5.9,,,,,,,,,,,,,,,,,,,,
1786,5.9,,,,,,,,,,,,,,,,,,,,
1787,5.9,,,,,,,,,,,,,,,,,,,,
1788,5.9,,,,,,,,,,,,,,,,,,,,
1789,5.9,,,,,,,,,,,,,,,,,,,,
1790,5.9,,,,,,,,,,,,,,,,,,,,
1791,5.9,,,,,,,,,,,,,,,,,,,,
1792,5.9,,,,,,,,,,,,,,,,,,,,
1793,5.9,,,,,,,,,,,,,,,,,,,,
1794,5.9,,,,,,,,,,,,,,,,,,,,
1795,5.9,,,,,,,,,,,,,,,,,,,,
1796,5.9,,,,,,,,,,,,,,,,,,,,
1797,5.9,,,,,,,,,,,,,,,,,,,,
1798,5.9,,,,,,,,,,,,,,,,,,,,
1799,5.9,,,,,,,,,,,,,,,,,,,,
1800,5.9,,,,,,,,,,,,,,,,,,,,
1801,5.9,,,,,,,,,,,,,,,,,,,,
1802,5.9,,,,,,,,,,,,,,,,,,,,
1803,5.9,,,,,,,,,,,,,,,,,,,,
1804,5.9,,,,,,,,,,,,,,,,,,,,
1805,5.9,,,,,,,,,,,,,,,,,,,,
1806,5.9,,,,,,,,,,,,,,,,,,,,
1807,5.9,,,,,,,,,,,,,,,,,,,,
1808,5.9,,,,,,,,,,,,,,,,,,,,
1809,5.9,,,,,,,,,,,,,,,,,,,,
1810,5.9,,,,,,,,,,,,,,,,,,,,
1811,5.9,,,,,,,,,,,,,,,,,,,,
1812,5.9,,,,,,,,,,,,,,,,,,,,
1813,5.9,,,,,,,,,,,,,,,,,,,,
1814,5.9,,,,,,,,,,,,,,,,,,,,
1815,5.9,,,,,,,,,,,,,,,,,,,,
1816,5.9,,,,,,,,,,,,,,,,,,,,
1817,5.9,,,,,,,,,,,,,,,,,,,,
1818,5.9,,,,,,,,,,,,,,,,,,,,
1819,5.9,,,,,,,,,,,,,,,,,,,,
1820,5.9,,,,,,,,,,,,,,,,,,,,
1821,5.9,,,,,,,,,,,,,,,,,,,,
1822,5.9,,,,,,,,,,,,,,,,,,,,
1823,5.9,,,,,,,,,,,,,,,,,,,,
1824,5.9,,,,,,,,,,,,,,,,,,,,
1825,5.9,,,,,,,,,,,,,,,,,,,,
1826,5.9,,,,,,,,,,,,,,,,,,,,
1827,5.9,,,,,,,,,,,,,,,,,,,,
1828,5.9,,,,,,,,,,,,,,,,,,,,
1829,5.9,,,,,,,,,,,,,,,,,,,,
1830,5.9,,,,,,,,,,,,,,,,,,,,
1831,5.9,,,,,,,,,,,,,,,,,,,,
1832,5.9,,,,,,,,,,,,,,,,,,,,
1833,5.9,,,,,,,,,,,,,,,,,,,,
1834,5.9,,,,,,,,,,,,,,,,,,,,
1835,5.9,,,,,,,,,,,,,,,,,,,,
1836,5.9,,,,,,,,,,,,,,,,,,,,
1837,5.9,,,,,,,,,,,,,,,,,,,,
1838,5.9,,,,,,,,,,,,,,,,,,,,
1839,5.9,,,,,,,,,,,,,,,,,,,,
1840,5.9,,,,,,,,,,,,,,,,,,,,
1841,5.9,,,,,,,,,,,,,,,,,,,,
1842,5.9,,,,,,,,,,,,,,,,,,,,
1843,5.9,,,,,,,,,,,,,,,,,,,,
1844,5.9,,,,,,,,,,,,,,,,,,,,
1845,5.9,,,,,,,,,,,,,,,,,,,,
1846,5.9,,,,,,,,,,,,,,,,,,,,
1847,5.9,,,,,,,,,,,,,,,,,,,,
1848,5.9,,,,,,,,,,,,,,,,,,,,
1849,5.9,,,,,,,,,,,,,,,,,,,,
1850,5.9,,,,,,,,,,,,,,,,,,,,
1851,5.9,,,,,,,,,,,,,,,,,,,,
1852,5.9,,,,,,,,,,,,,,,,,,,,
1853,5.9,,,,,,,,,,,,,,,,,,,,
1854,5.9,,,,,,,,,,,,,,,,,,,,
1855,5.9,,,,,,,,,,,,,,,,,,,,
1856,5.9,,,,,,,,,,,,,,,,,,,,
1857,5.9,,,,,,,,,,,,,,,,,,,,
1858,5.9,,,,,,,,,,,,,,,,,,,,
1859,5.9,,,,,,,,,,,,,,,,,,,,
1860,5.9,,,,,,,,,,,,,,,,,,,,
1861,5.9,,,,,,,,,,,,,,,,,,,,
1862,5.9,,,,,,,,,,,,,,,,,,,,
1863,5.9,,,,,,,,,,,,,,,,,,,,
1864,5.9,,,,,,,,,,,,,,,,,,,,
1865,5.9,,,,,,,,,,,,,,,,,,,,
1866,5.9,,,,,,,,,,,,,,,,,,,,
1867,5.9,,,,,,,,,,,,,,,,,,,,
1868,5.9,,,,,,,,,,,,,,,,,,,,
1869,5.9,,,,,,,,,,,,,,,,,,,,
1870,5.9,,,,,,,,,,,,,,,,,,,,
1871,5.9,,,,,,,,,,,,,,,,,,,,
1872,5.9,,,,,,,,,,,,,,,,,,,,
1873,5.9,,,,,,,,,,,,,,,,,,,,
1874,5.9,,,,,,,,,,,,,,,,,,,,
1875,5.9,,,,,,,,,,,,,,,,,,,,
1876,5.9,,,,,,,,,,,,,,,,,,,,
1877,5.9,,,,,,,,,,,,,,,,,,,,
1878,5.9,,,,,,,,,,,,,,,,,,,,
1879,5.9,,,,,,,,,,,,,,,,,,,,
1880,5.9,,,,,,,,,,,,,,,,,,,,
1881,5.9,,,,,,,,,,,,,,,,,,,,
1882,5.9,,,,,,,,,,,,,,,,,,,,
1883,5.9,,,,,,,,,,,,,,,,,,,,
1884,5.9,,,,,,,,,,,,,,,,,,,,
1885,5.9,,,,,,,,,,,,,,,,,,,,
1886,5.9,,,,,,,,,,,,,,,,,,,,
1887,5.9,,,,,,,,,,,,,,,,,,,,
1888,5.9,,,,,,,,,,,,,,,,,,,,
1889,5.9,,,,,,,,,,,,,,,,,,,,
1890,5.9,,,,,,,,,,,,,,,,,,,,
1891,5.9,,,,,,,,,,,,,,,,,,,,
1892,5.9,,,,,,,,,,,,,,,,,,,,
1893,5.9,,,,,,,,,,,,,,,,,,,,
1894,5.9,,,,,,,,,,,,,,,,,,,,
1895,5.9,,,,,,,,,,,,,,,,,,,,
1896,5.9,,,,,,,,,,,,,,,,,,,,
1897,5.9,,,,,,,,,,,,,,,,,,,,
1898,5.9,,,,,,,,,,,,,,,,,,,,
1899,5.9,,,,,,,,,,,,,,,,,,,,
1900,5.9,,,,,,,,,,,,,,,,,,,,
1901,5.9,,,,,,,,,,,,,,,,,,,,
1902,5.9,,,,,,,,,,,,,,,,,,,,
1903,5.9,,,,,,,,,,,,,,,,,,,,
1904,5.9,,,,,,,,,,,,,,,,,,,,
1905,5.9,,,,,,,,,,,,,,,,,,,,
1906,5.9,,,,,,,,,,,,,,,,,,,,
1907,5.9,,,,,,,,,,,,,,,,,,,,
1908,5.9,,,,,,,,,,,,,,,,,,,,
1909,5.9,,,,,,,,,,,,,,,,,,,,
1910,5.9,,,,,,,,,,,,,,,,,,,,
1911,5.9,,,,,,,,,,,,,,,,,,,,
1912,5.9,,,,,,,,,,,,,,,,,,,,
1913,5.9,,,,,,,,,,,,,,,,,,,,
1914,5.9,,,,,,,,,,,,,,,,,,,,
1915,5.9,,,,,,,,,,,,,,,,,,,,
1916,5.9,,,,,,,,,,,,,,,,,,,,
1917,5.9,,,,,,,,,,,,,,,,,,,,
1918,5.9,,,,,,,,,,,,,,,,,,,,
1919,5.9,,,,,,,,,,,,,,,,,,,,
1920,5.9,,,,,,,,,,,,,,,,,,,,
1921,5.9,,,,,,,,,,,,,,,,,,,,
1922,5.9,,,,,,,,,,,,,,,,,,,,
1923,5.9,,,,,,,,,,,,,,,,,,,,
1924,5.9,,,,,,,,,,,,,,,,,,,,
1925,5.9,,,,,,,,,,,,,,,,,,,,
1926,5.9,,,,,,,,,,,,,,,,,,,,
1927,5.9,,,,,,,,,,,,,,,,,,,,
1928,5.9,,,,,,,,,,,,,,,,,,,,
1929,5.9,,,,,,,,,,,,,,,,,,,,
1930,5.9,,,,,,,,,,,,,,,,,,,,
1931,5.9,,,,,,,,,,,,,,,,,,,,
1932,5.9,,,,,,,,,,,,,,,,,,,,
1933,5.9,,,,,,,,,,,,,,,,,,,,
1934,5.9,,,,,,,,,,,,,,,,,,,,
1935,5.9,,,,,,,,,,,,,,,,,,,,
1936,5.9,,,,,,,,,,,,,,,,,,,,
1937,5.9,,,,,,,,,,,,,,,,,,,,
1938,5.9,,,,,,,,,,,,,,,,,,,,
1939,5.9,,,,,,,,,,,,,,,,,,,,
1940,5.9,,,,,,,,,,,,,,,,,,,,
1941,5.9,,,,,,,,,,,,,,,,,,,,
1942,5.9,,,,,,,,,,,,,,,,,,,,
1943,5.9,,,,,,,,,,,,,,,,,,,,
1944,6,,,,,,,,,,,,,,,,,,,,
1945,6,,,,,,,,,,,,,,,,,,,,
1946,6,,,,,,,,,,,,,,,,,,,,
1947,6,,,,,,,,,,,,,,,,,,,,
1948,6,,,,,,,,,,,,,,,,,,,,
1949,6,,,,,,,,,,,,,,,,,,,,
1950,6,,,,,,,,,,,,,,,,,,,,
1951,6,,,,,,,,,,,,,,,,,,,,
1952,6,,,,,,,,,,,,,,,,,,,,
1953,6,,,,,,,,,,,,,,,,,,,,
1954,6,,,,,,,,,,,,,,,,,,,,
1955,6,,,,,,,,,,,,,,,,,,,,
1956,6,,,,,,,,,,,,,,,,,,,,
1957,6,,,,,,,,,,,,,,,,,,,,
1958,6,,,,,,,,,,,,,,,,,,,,
1959,6,,,,,,,,,,,,,,,,,,,,
1960,6,,,,,,,,,,,,,,,,,,,,
1961,6,,,,,,,,,,,,,,,,,,,,
1962,6,,,,,,,,,,,,,,,,,,,,
1963,6,,,,,,,,,,,,,,,,,,,,
1964,6,,,,,,,,,,,,,,,,,,,,
1965,6,,,,,,,,,,,,,,,,,,,,
1966,6,,,,,,,,,,,,,,,,,,,,
1967,6,,,,,,,,,,,,,,,,,,,,
1968,6,,,,,,,,,,,,,,,,,,,,
1969,6,,,,,,,,,,,,,,,,,,,,
1970,6,,,,,,,,,,,,,,,,,,,,
1971,6,,,,,,,,,,,,,,,,,,,,
1972,6,,,,,,,,,,,,,,,,,,,,
1973,6,,,,,,,,,,,,,,,,,,,,
1974,6,,,,,,,,,,,,,,,,,,,,
1975,6,,,,,,,,,,,,,,,,,,,,
1976,6,,,,,,,,,,,,,,,,,,,,
1977,6,,,,,,,,,,,,,,,,,,,,
1978,6,,,,,,,,,,,,,,,,,,,,
1979,6,,,,,,,,,,,,,,,,,,,,
1980,6,,,,,,,,,,,,,,,,,,,,
1981,6,,,,,,,,,,,,,,,,,,,,
1982,6,,,,,,,,,,,,,,,,,,,,
1983,6,,,,,,,,,,,,,,,,,,,,
1984,6,,,,,,,,,,,,,,,,,,,,
1985,6,,,,,,,,,,,,,,,,,,,,
1986,6,,,,,,,,,,,,,,,,,,,,
1987,6,,,,,,,,,,,,,,,,,,,,
1988,6,,,,,,,,,,,,,,,,,,,,
1989,6,,,,,,,,,,,,,,,,,,,,
1990,6,,,,,,,,,,,,,,,,,,,,
1991,6,,,,,,,,,,,,,,,,,,,,
1992,6,,,,,,,,,,,,,,,,,,,,
1993,6,,,,,,,,,,,,,,,,,,,,
1994,6,,,,,,,,,,,,,,,,,,,,
1995,6,,,,,,,,,,,,,,,,,,,,
1996,6,,,,,,,,,,,,,,,,,,,,
1997,6,,,,,,,,,,,,,,,,,,,,
1998,6,,,,,,,,,,,,,,,,,,,,
1999,6,,,,,,,,,,,,,,,,,,,,
2000,6,,,,,,,,,,,,,,,,,,,,
2001,6,,,,,,,,,,,,,,,,,,,,
2002,6,,,,,,,,,,,,,,,,,,,,
2003,6,,,,,,,,,,,,,,,,,,,,
2004,6,,,,,,,,,,,,,,,,,,,,
2005,6,,,,,,,,,,,,,,,,,,,,
2006,6,,,,,,,,,,,,,,,,,,,,
2007,6,,,,,,,,,,,,,,,,,,,,
2008,6,,,,,,,,,,,,,,,,,,,,
2009,6,,,,,,,,,,,,,,,,,,,,
2010,6,,,,,,,,,,,,,,,,,,,,
2011,6,,,,,,,,,,,,,,,,,,,,
2012,6,,,,,,,,,,,,,,,,,,,,
2013,6,,,,,,,,,,,,,,,,,,,,
2014,6,,,,,,,,,,,,,,,,,,,,
2015,6,,,,,,,,,,,,,,,,,,,,
2016,6,,,,,,,,,,,,,,,,,,,,
2017,6,,,,,,,,,,,,,,,,,,,,
2018,6,,,,,,,,,,,,,,,,,,,,
2019,6,,,,,,,,,,,,,,,,,,,,
2020,6,,,,,,,,,,,,,,,,,,,,
2021,6,,,,,,,,,,,,,,,,,,,,
2022,6,,,,,,,,,,,,,,,,,,,,
2023,6,,,,,,,,,,,,,,,,,,,,
2024,6,,,,,,,,,,,,,,,,,,,,
2025,6,,,,,,,,,,,,,,,,,,,,
2026,6,,,,,,,,,,,,,,,,,,,,
2027,6,,,,,,,,,,,,,,,,,,,,
2028,6,,,,,,,,,,,,,,,,,,,,
2029,6,,,,,,,,,,,,,,,,,,,,
2030,6,,,,,,,,,,,,,,,,,,,,
2031,6,,,,,,,,,,,,,,,,,,,,
2032,6,,,,,,,,,,,,,,,,,,,,
2033,6,,,,,,,,,,,,,,,,,,,,
2034,6,,,,,,,,,,,,,,,,,,,,
2035,6,,,,,,,,,,,,,,,,,,,,
2036,6,,     ,,,,,,,,,,,,,,,,,,
2037,6,,,,,,,,,,,,,,,,,,,,
2038,6,,,,,,,,,,,,,,,,,,,,
2039,6,,,,,,,,,,,,,,,,,,,,
2040,6,,,,,,,,,,,,,,,,,,,,
2041,6,,,,,,,,,,,,,,,,,,,,
2042,6,,,,,,,,,,,,,,,,,,,,
2043,6,,,,,,,,,,,,,,,,,,,,
2044,6,,,,,,,,,,,,,,,,,,,,
2045,6,,,,,,,,,,,,,,,,,,,,
2046,6,,,,,,,,,,,,,,,,,,,,
2047,6,,,,,,,,,,,,,,,,,,,,
2048,6,,,,,,,,,,,,,,,,,,,,
2049,6,,,,,,,,,,,,,,,,,,,,
2050,6,,,,,,,,,,,,,,,,,,,,
2051,6,,,,,,,,,,,,,,,,,,,,
2052,6,,,,,,,,,,,,,,,,,,,,
2053,6,,,,,,,,,,,,,,,,,,,,
2054,6,,,,,,,,,,,,,,,,,,,,
2055,6,,,,,,,,,,,,,,,,,,,,
2056,6,,,,,,,,,,,,,,,,,,,,
2057,6,,,,,,,,,,,,,,,,,,,,
2058,6,,,,,,,,,,,,,,,,,,,,
2059,6,,,,,,,,,,,,,,,,,,,,
2060,6,,,,,,,,,,,,,,,,,,,,
2061,6,,,,,,,,,,,,,,,,,,,,
2062,6,,,,,,,,,,,,,,,,,,,,
2063,6,,,,,,,,,,,,,,,,,,,,
2064,6,,,,,,,,,,,,,,,,,,,,
2065,6,,,,,,,,,,,,,,,,,,,,
2066,6,,,,,,,,,,,,,,,,,,,,
2067,6,,,,,,,,,,,,,,,,,,,,
2068,6,,,,,,,,,,,,,,,,,,,,
2069,6,,,,,,,,,,,,,,,,,,,,
2070,6,,,,,,,,,,,,,,,,,,,,
2071,6,,,,,,,,,,,,,,,,,,,,
2072,6,,,,,,,,,,,,,,,,,,,,
2073,6,,,,,,,,,,,,,,,,,,,,
2074,6,,,,,,,,,,,,,,,,,,,,
2075,6,,,,,,,,,,,,,,,,,,,,
2076,6,,,,,,,,,,,,,,,,,,,,
2077,6,,,,,,,,,,,,,,,,,,,,
2078,6,,,,,,,,,,,,,,,,,,,,
2079,6,,,,,,,,,,,,,,,,,,,,
2080,6,,,,,,,,,,,,,,,,,,,,
2081,6,,,,,,,,,,,,,,,,,,,,
2082,6,,,,,,,,,,,,,,,,,,,,
2083,6,,,,,,,,,,,,,,,,,,,,
2084,6,,,,,,,,,,,,,,,,,,,,
2085,6,,,,,,,,,,,,,,,,,,,,
2086,6,,,,,,,,,,,,,,,,,,,,
2087,6,,,,,,,,,,,,,,,,,,,,
2088,6,,,,,,,,,,,,,,,,,,,,
2089,6,,,,,,,,,,,,,,,,,,,,
2090,6,,,,,,,,,,,,,,,,,,,,
2091,6,,,,,,,,,,,,,,,,,,,,
2092,6,,,,,,,,,,,,,,,,,,,,
2093,6,,,,,,,,,,,,,,,,,,,,
2094,6,,,,,,,,,,,,,,,,,,,,
2095,6,,,,,,,,,,,,,,,,,,,,
2096,6,,,,,,,,,,,,,,,,,,,,
2097,6,,,,,,,,,,,,,,,,,,,,
2098,6,,,,,,,,,,,,,,,,,,,,
2099,6,,,,,,,,,,,,,,,,,,,,
2100,6,,,,,,,,,,,,,,,,,,,,
2101,6,,,,,,,,,,,,,,,,,,,,
2102,6,,,,,,,,,,,,,,,,,,,,
2103,6,,,,,,,,,,,,,,,,,,,,
2104,6,,,,,,,,,,,,,,,,,,,,
2105,6,,,,,,,,,,,,,,,,,,,,
2106,6,,,,,,,,,,,,,,,,,,,,
2107,6,,,,,,,,,,,,,,,,,,,,
2108,6,,,,,,,,,,,,,,,,,,,,
2109,6,,,,,,,,,,,,,,,,,,,,
2110,6,,,,,,,,,,,,,,,,,,,,
2111,6,,,,,,,,,,,,,,,,,,,,
2112,6,,,,,,,,,,,,,,,,,,,,
2113,6,,,,,,,,,,,,,,,,,,,,
2114,6,,,,,,,,,,,,,,,,,,,,
2115,6,,,,,,,,,,,,,,,,,,,,
2116,6,,,,,,,,,,,,,,,,,,,,
2117,6,,,,,,,,,,,,,,,,,,,,
2118,6,,,,,,,,,,,,,,,,,,,,
2119,6,,,,,,,,,,,,,,,,,,,,
2120,6,,,,,,,,,,,,,,,,,,,,
2121,6,,,,,,,,,,,,,,,,,,,,
2122,6.1,,,,,,,,,,,,,,,,,,,,
2123,6.1,,,,,,,,,,,,,,,,,,,,
2124,6.1,,,,,,,,,,,,,,,,,,,,
2125,6.1,,,,,,,,,,,,,,,,,,,,
2126,6.1,,,,,,,,,,,,,,,,,,,,
2127,6.1,,,,,,,,,,,,,,,,,,,,
2128,6.1,,,,,,,,,,,,,,,,,,,,
2129,6.1,,,,,,,,,,,,,,,,,,,,
2130,6.1,,,,,,,,,,,,,,,,,,,,
2131,6.1,,,,,,,,,,,,,,,,,,,,
2132,6.1,,,,,,,,,,,,,,,,,,,,
2133,6.1,,,,,,,,,,,,,,,,,,,,
2134,6.1,,,,,,,,,,,,,,,,,,,,
2135,6.1,,,,,,,,,,,,,,,,,,,,
2136,6.1,,,,,,,,,,,,,,,,,,,,
2137,6.1,,,,,,,,,,,,,,,,,,,,
2138,6.1,,,,,,,,,,,,,,,,,,,,
2139,6.1,,,,,,,,,,,,,,,,,,,,
2140,6.1,,,,,,,,,,,,,,,,,,,,
2141,6.1,,,,,,,,,,,,,,,,,,,,
2142,6.1,,,,,,,,,,,,,,,,,,,,
2143,6.1,,,,,,,,,,,,,,,,,,,,
2144,6.1,,,,,,,,,,,,,,,,,,,,
2145,6.1,,,,,,,,,,,,,,,,,,,,
2146,6.1,,,,,,,,,,,,,,,,,,,,
2147,6.1,,,,,,,,,,,,,,,,,,,,
2148,6.1,,,,,,,,,,,,,,,,,,,,
2149,6.1,,,,,,,,,,,,,,,,,,,,
2150,6.1,,,,,,,,,,,,,,,,,,,,
2151,6.1,,,,,,,,,,,,,,,,,,,,
2152,6.1,,,,,,,,,,,,,,,,,,,,
2153,6.1,,,,,,,,,,,,,,,,,,,,
2154,6.1,,,,,,,,,,,,,,,,,,,,
2155,6.1,,,,,,,,,,,,,,,,,,,,
2156,6.1,,,,,,,,,,,,,,,,,,,,
2157,6.1,,,,,,,,,,,,,,,,,,,,
2158,6.1,,,,,,,,,,,,,,,,,,,,
2159,6.1,,,,,,,,,,,,,,,,,,,,
2160,6.1,,,,,,,,,,,,,,,,,,,,
2161,6.1,,,,,,,,,,,,,,,,,,,,
2162,6.1,,,,,,,,,,,,,,,,,,,,
2163,6.1,,,,,,,,,,,,,,,,,,,,
2164,6.1,,,,,,,,,,,,,,,,,,,,
2165,6.1,,,,,,,,,,,,,,,,,,,,
2166,6.1,,,,,,,,,,,,,,,,,,,,
2167,6.1,,,,,,,,,,,,,,,,,,,,
2168,6.1,,,,,,,,,,,,,,,,,,,,
2169,6.1,,,,,,,,,,,,,,,,,,,,
2170,6.1,,,,,,,,,,,,,,,,,,,,
2171,6.1,,,,,,,,,,,,,,,,,,,,
2172,6.1,,,,,,,,,,,,,,,,,,,,
2173,6.1,,,,,,,,,,,,,,,,,,,,
2174,6.1,,,,,,,,,,,,,,,,,,,,
2175,6.1,,,,,,,,,,,,,,,,,,,,
2176,6.1,,,,,,,,,,,,,,,,,,,,
2177,6.1,,,,,,,,,,,,,,,,,,,,
2178,6.1,,,,,,,,,,,,,,,,,,,,
2179,6.1,,,,,,,,,,,,,,,,,,,,
2180,6.1,,,,,,,,,,,,,,,,,,,,
2181,6.1,,,,,,,,,,,,,,,,,,,,
2182,6.1,,,,,,,,,,,,,,,,,,,,
2183,6.1,,,,,,,,,,,,,,,,,,,,
2184,6.1,,,,,,,,,,,,,,,,,,,,
2185,6.1,,,,,,,,,,,,,,,,,,,,
2186,6.1,,,,,,,,,,,,,,,,,,,,
2187,6.1,,,,,,,,,,,,,,,,,,,,
2188,6.1,,,,,,,,,,,,,,,,,,,,
2189,6.1,,,,,,,,,,,,,,,,,,,,
2190,6.1,,,,,,,,,,,,,,,,,,,,
2191,6.1,,,,,,,,,,,,,,,,,,,,
2192,6.1,,,,,,,,,,,,,,,,,,,,
2193,6.1,,,,,,,,,,,,,,,,,,,,
2194,6.1,,,,,,,,,,,,,,,,,,,,
2195,6.1,,,,,,,,,,,,,,,,,,,,
2196,6.1,,,,,,,,,,,,,,,,,,,,
2197,6.1,,,,,,,,,,,,,,,,,,,,
2198,6.1,,,,,,,,,,,,,,,,,,,,
2199,6.1,,,,,,,,,,,,,,,,,,,,
2200,6.1,,,,,,,,,,,,,,,,,,,,
2201,6.1,,,,,,,,,,,,,,,,,,,,
2202,6.1,,,,,,,,,,,,,,,,,,,,
2203,6.1,,,,,,,,,,,,,,,,,,,,
2204,6.1,,,,,,,,,,,,,,,,,,,,
2205,6.1,,,,,,,,,,,,,,,,,,,,
2206,6.1,,,,,,,,,,,,,,,,,,,,
2207,6.1,,,,,,,,,,,,,,,,,,,,
2208,6.1,,,,,,,,,,,,,,,,,,,,
2209,6.1,,,,,,,,,,,,,,,,,,,,
2210,6.1,,,,,,,,,,,,,,,,,,,,
2211,6.1,,,,,,,,,,,,,,,,,,,,
2212,6.1,,,,,,,,,,,,,,,,,,,,
2213,6.1,,,,,,,,,,,,,,,,,,,,
2214,6.1,,,,,,,,,,,,,,,,,,,,
2215,6.1,,,,,,,,,,,,,,,,,,,,
2216,6.1,,,,,,,,,,,,,,,,,,,,
2217,6.1,,,,,,,,,,,,,,,,,,,,
2218,6.1,,,,,,,,,,,,,,,,,,,,
2219,6.1,,,,,,,,,,,,,,,,,,,,
2220,6.1,,,,,,,,,,,,,,,,,,,,
2221,6.1,,,,,,,,,,,,,,,,,,,,
2222,6.1,,,,,,,,,,,,,,,,,,,,
2223,6.1,,,,,,,,,,,,,,,,,,,,
2224,6.1,,,,,,,,,,,,,,,,,,,,
2225,6.1,,,,,,,,,,,,,,,,,,,,
2226,6.1,,,,,,,,,,,,,,,,,,,,
2227,6.1,,,,,,,,,,,,,,,,,,,,
2228,6.1,,,,,,,,,,,,,,,,,,,,
2229,6.1,,,,,,,,,,,,,,,,,,,,
2230,6.1,,,,,,,,,,,,,,,,,,,,
2231,6.1,,,,,,,,,,,,,,,,,,,,
2232,6.1,,,,,,,,,,,,,,,,,,,,
2233,6.1,,,,,,,,,,,,,,,,,,,,
2234,6.1,,,,,,,,,,,,,,,,,,,,
2235,6.1,,,,,,,,,,,,,,,,,,,,
2236,6.1,,,,,,,,,,,,,,,,,,,,
2237,6.1,,,,,,,,,,,,,,,,,,,,
2238,6.1,,,,,,,,,,,,,,,,,,,,
2239,6.1,,,,,,,,,,,,,,,,,,,,
2240,6.1,,,,,,,,,,,,,,,,,,,,
2241,6.1,,,,,,,,,,,,,,,,,,,,
2242,6.1,,,,,,,,,,,,,,,,,,,,
2243,6.1,,,,,,,,,,,,,,,,,,,,
2244,6.1,,,,,,,,,,,,,,,,,,,,
2245,6.1,,,,,,,,,,,,,,,,,,,,
2246,6.1,,,,,,,,,,,,,,,,,,,,
2247,6.1,,,,,,,,,,,,,,,,,,,,
2248,6.2,,,,,,,,,,,,,,,,,,,,
2249,6.2,,,,,,,,,,,,,,,,,,,,
2250,6.2,,,,,,,,,,,,,,,,,,,,
2251,6.2,,,,,,,,,,,,,,,,,,,,
2252,6.2,,,,,,,,,,,,,,,,,,,,
2253,6.2,,,,,,,,,,,,,,,,,,,,
2254,6.2,,,,,,,,,,,,,,,,,,,,
2255,6.2,,,,,,,,,,,,,,,,,,,,
2256,6.2,,,,,,,,,,,,,,,,,,,,
2257,6.2,,,,,,,,,,,,,,,,,,,,
2258,6.2,,,,,,,,,,,,,,,,,,,,
2259,6.2,,,,,,,,,,,,,,,,,,,,
2260,6.2,,,,,,,,,,,,,,,,,,,,
2261,6.2,,,,,,,,,,,,,,,,,,,,
2262,6.2,,,,,,,,,,,,,,,,,,,,
2263,6.2,,,,,,,,,,,,,,,,,,,,
2264,6.2,,,,,,,,,,,,,,,,,,,,
2265,6.2,,,,,,,,,,,,,,,,,,,,
2266,6.2,,,,,,,,,,,,,,,,,,,,
2267,6.2,,,,,,,,,,,,,,,,,,,,
2268,6.2,,,,,,,,,,,,,,,,,,,,
2269,6.2,,,,,,,,,,,,,,,,,,,,
2270,6.2,,,,,,,,,,,,,,,,,,,,
2271,6.2,,,,,,,,,,,,,,,,,,,,
2272,6.2,,,,,,,,,,,,,,,,,,,,
2273,6.2,,,,,,,,,,,,,,,,,,,,
2274,6.2,,,,,,,,,,,,,,,,,,,,
2275,6.2,,,,,,,,,,,,,,,,,,,,
2276,6.2,,,,,,,,,,,,,,,,,,,,
2277,6.2,,,,,,,,,,,,,,,,,,,,
2278,6.2,,,,,,,,,,,,,,,,,,,,
2279,6.2,,,,,,,,,,,,,,,,,,,,
2280,6.2,,,,,,,,,,,,,,,,,,,,
2281,6.2,,,,,,,,,,,,,,,,,,,,
2282,6.2,,,,,,,,,,,,,,,,,,,,
2283,6.2,,,,,,,,,,,,,,,,,,,,
2284,6.2,,,,,,,,,,,,,,,,,,,,
2285,6.2,,,,,,,,,,,,,,,,,,,,
2286,6.2,,,,,,,,,,,,,,,,,,,,
2287,6.2,,,,,,,,,,,,,,,,,,,,
2288,6.2,,,,,,,,,,,,,,,,,,,,
2289,6.2,,,,,,,,,,,,,,,,,,,,
2290,6.2,,,,,,,,,,,,,,,,,,,,
2291,6.2,,,,,,,,,,,,,,,,,,,,
2292,6.2,,,,,,,,,,,,,,,,,,,,
2293,6.2,,,,,,,,,,,,,,,,,,,,
2294,6.2,,,,,,,,,,,,,,,,,,,,
2295,6.2,,,,,,,,,,,,,,,,,,,,
2296,6.2,,,,,,,,,,,,,,,,,,,,
2297,6.2,,,,,,,,,,,,,,,,,,,,
2298,6.2,,,,,,,,,,,,,,,,,,,,
2299,6.2,,,,,,,,,,,,,,,,,,,,
2300,6.2,,,,,,,,,,,,,,,,,,,,
2301,6.2,,,,,,,,,,,,,,,,,,,,
2302,6.2,,,,,,,,,,,,,,,,,,,,
2303,6.2,,,,,,,,,,,,,,,,,,,,
2304,6.2,,,,,,,,,,,,,,,,,,,,
2305,6.2,,,,,,,,,,,,,,,,,,,,
2306,6.2,,,,,,,,,,,,,,,,,,,,
2307,6.2,,,,,,,,,,,,,,,,,,,,
2308,6.2,,,,,,,,,,,,,,,,,,,,
2309,6.2,,,,,,,,,,,,,,,,,,,,
2310,6.2,,,,,,,,,,,,,,,,,,,,
2311,6.2,,,,,,,,,,,,,,,,,,,,
2312,6.2,,,,,,,,,,,,,,,,,,,,
2313,6.2,,,,,,,,,,,,,,,,,,,,
2314,6.2,,,,,,,,,,,,,,,,,,,,
2315,6.2,,,,,,,,,,,,,,,,,,,,
2316,6.2,,,,,,,,,,,,,,,,,,,,
2317,6.2,,,,,,,,,,,,,,,,,,,,
2318,6.2,,,,,,,,,,,,,,,,,,,,
2319,6.2,,,,,,,,,,,,,,,,,,,,
2320,6.2,,,,,,,,,,,,,,,,,,,,
2321,6.2,,,,,,,,,,,,,,,,,,,,
2322,6.2,,,,,,,,,,,,,,,,,,,,
2323,6.2,,,,,,,,,,,,,,,,,,,,
2324,6.2,,,,,,,,,,,,,,,,,,,,
2325,6.2,,,,,,,,,,,,,,,,,,,,
2326,6.2,,,,,,,,,,,,,,,,,,,,
2327,6.2,,,,,,,,,,,,,,,,,,,,
2328,6.2,,,,,,,,,,,,,,,,,,,,
2329,6.2,,,,,,,,,,,,,,,,,,,,
2330,6.2,,,,,,,,,,,,,,,,,,,,
2331,6.2,,,,,,,,,,,,,,,,,,,,
2332,6.2,,,,,,,,,,,,,,,,,,,,
2333,6.2,,,,,,,,,,,,,,,,,,,,
2334,6.2,,,,,,,,,,,,,,,,,,,,
2335,6.2,,,,,,,,,,,,,,,,,,,,
2336,6.2,,,,,,,,,,,,,,,,,,,,
2337,6.2,,,,,,,,,,,,,,,,,,,,
2338,6.2,,,,,,,,,,,,,,,,,,,,
2339,6.2,,,,,,,,,,,,,,,,,,,,
2340,6.2,,,,,,,,,,,,,,,,,,,,
2341,6.2,,,,,,,,,,,,,,,,,,,,
2342,6.2,,,,,,,,,,,,,,,,,,,,
2343,6.2,,,,,,,,,,,,,,,,,,,,
2344,6.2,,,,,,,,,,,,,,,,,,,,
2345,6.2,,,,,,,,,,,,,,,,,,,,
2346,6.2,,,,,,,,,,,,,,,,,,,,
2347,6.2,,,,,,,,,,,,,,,,,,,,
2348,6.2,,,,,,,,,,,,,,,,,,,,
2349,6.2,,,,,,,,,,,,,,,,,,,,
2350,6.2,,,,,,,,,,,,,,,,,,,,
2351,6.2,,,,,,,,,,,,,,,,,,,,
2352,6.2,,,,,,,,,,,,,,,,,,,,
2353,6.2,,,,,,,,,,,,,,,,,,,,
2354,6.2,,,,,,,,,,,,,,,,,,,,
2355,6.2,,,,,,,,,,,,,,,,,,,,
2356,6.2,,,,,,,,,,,,,,,,,,,,
2357,6.2,,,,,,,,,,,,,,,,,,,,
2358,6.2,,,,,,,,,,,,,,,,,,,,
2359,6.2,,,,,,,,,,,,,,,,,,,,
2360,6.2,,,,,,,,,,,,,,,,,,,,
2361,6.2,,,,,,,,,,,,,,,,,,,,
2362,6.2,,,,,,,,,,,,,,,,,,,,
2363,6.2,,,,,,,,,,,,,,,,,,,,
2364,6.2,,,,,,,,,,,,,,,,,,,,
2365,6.2,,,,,,,,,,,,,,,,,,,,
2366,6.2,,,,,,,,,,,,,,,,,,,,
2367,6.2,,,,,,,,,,,,,,,,,,,,
2368,6.2,,,,,,,,,,,,,,,,,,,,
2369,6.2,,,,,,,,,,,,,,,,,,,,
2370,6.2,,,,,,,,,,,,,,,,,,,,
2371,6.2,,,,,,,,,,,,,,,,,,,,
2372,6.2,,,,,,,,,,,,,,,,,,,,
2373,6.2,,,,,,,,,,,,,,,,,,,,
2374,6.2,,,,,,,,,,,,,,,,,,,,
2375,6.2,,,,,,,,,,,,,,,,,,,,
2376,6.2,,,,,,,,,,,,,,,,,,,,
2377,6.2,,,,,,,,,,,,,,,,,,,,
2378,6.2,,,,,,,,,,,,,,,,,,,,
2379,6.2,,,,,,,,,,,,,,,,,,,,
2380,6.2,,,,,,,,,,,,,,,,,,,,
2381,6.2,,,,,,,,,,,,,,,,,,,,
2382,6.2,,,,,,,,,,,,,,,,,,,,
2383,6.2,,,,,,,,,,,,,,,,,,,,
2384,6.2,,,,,,,,,,,,,,,,,,,,
2385,6.2,,,,,,,,,,,,,,,,,,,,
2386,6.2,,,,,,,,,,,,,,,,,,,,
2387,6.2,,,,,,,,,,,,,,,,,,,,
2388,6.2,,,,,,,,,,,,,,,,,,,,
2389,6.2,,,,,,,,,,,,,,,,,,,,
2390,6.2,,,,,,,,,,,,,,,,,,,,
2391,6.2,,,,,,,,,,,,,,,,,,,,
2392,6.2,,,,,,,,,,,,,,,,,,,,
2393,6.2,,,,,,,,,,,,,,,,,,,,
2394,6.2,,,,,,,,,,,,,,,,,,,,
2395,6.2,,,,,,,,,,,,,,,,,,,,
2396,6.2,,,,,,,,,,,,,,,,,,,,
2397,6.2,,,,,,,,,,,,,,,,,,,,
2398,6.2,,,,,,,,,,,,,,,,,,,,
2399,6.2,,,,,,,,,,,,,,,,,,,,
2400,6.2,,,,,,,,,,,,,,,,,,,,
2401,6.2,,,,,,,,,,,,,,,,,,,,
2402,6.2,,,,,,,,,,,,,,,,,,,,
2403,6.2,,,,,,,,,,,,,,,,,,,,
2404,6.2,,,,,,,,,,,,,,,,,,,,
2405,6.2,,,,,,,,,,,,,,,,,,,,
2406,6.2,,,,,,,,,,,,,,,,,,,,
2407,6.2,,,,,,,,,,,,,,,,,,,,
2408,6.2,,,,,,,,,,,,,,,,,,,,
2409,6.2,,,,,,,,,,,,,,,,,,,,
2410,6.2,,,,,,,,,,,,,,,,,,,,
2411,6.2,,,,,,,,,,,,,,,,,,,,
2412,6.2,,,,,,,,,,,,,,,,,,,,
2413,6.2,,,,,,,,,,,,,,,,,,,,
2414,6.3,,,,,,,,,,,,,,,,,,,,
2415,6.3,,,,,,,,,,,,,,,,,,,,
2416,6.3,,,,,,,,,,,,,,,,,,,,
2417,6.3,,,,,,,,,,,,,,,,,,,,
2418,6.3,,,,,,,,,,,,,,,,,,,,
2419,6.3,,,,,,,,,,,,,,,,,,,,
2420,6.3,,,,,,,,,,,,,,,,,,,,
2421,6.3,,,,,,,,,,,,,,,,,,,,
2422,6.3,,,,,,,,,,,,,,,,,,,,
2423,6.3,,,,,,,,,,,,,,,,,,,,
2424,6.3,,,,,,,,,,,,,,,,,,,,
2425,6.3,,,,,,,,,,,,,,,,,,,,
2426,6.3,,,,,,,,,,,,,,,,,,,,
2427,6.3,,,,,,,,,,,,,,,,,,,,
2428,6.3,,,,,,,,,,,,,,,,,,,,
2429,6.3,,,,,,,,,,,,,,,,,,,,
2430,6.3,,,,,,,,,,,,,,,,,,,,
2431,6.3,,,,,,,,,,,,,,,,,,,,
2432,6.3,,,,,,,,,,,,,,,,,,,,
2433,6.3,,,,,,,,,,,,,,,,,,,,
2434,6.3,,,,,,,,,,,,,,,,,,,,
2435,6.3,,,,,,,,,,,,,,,,,,,,
2436,6.3,,,,,,,,,,,,,,,,,,,,
2437,6.3,,,,,,,,,,,,,,,,,,,,
2438,6.3,,,,,,,,,,,,,,,,,,,,
2439,6.3,,,,,,,,,,,,,,,,,,,,
2440,6.3,,,,,,,,,,,,,,,,,,,,
2441,6.3,,,,,,,,,,,,,,,,,,,,
2442,6.3,,,,,,,,,,,,,,,,,,,,
2443,6.3,,,,,,,,,,,,,,,,,,,,
2444,6.3,,,,,,,,,,,,,,,,,,,,
2445,6.3,,,,,,,,,,,,,,,,,,,,
2446,6.3,,,,,,,,,,,,,,,,,,,,
2447,6.3,,,,,,,,,,,,,,,,,,,,
2448,6.3,,,,,,,,,,,,,,,,,,,,
2449,6.3,,,,,,,,,,,,,,,,,,,,
2450,6.3,,,,,,,,,,,,,,,,,,,,
2451,6.3,,,,,,,,,,,,,,,,,,,,
2452,6.3,,,,,,,,,,,,,,,,,,,,
2453,6.3,,,,,,,,,,,,,,,,,,,,
2454,6.3,,,,,,,,,,,,,,,,,,,,
2455,6.3,,,,,,,,,,,,,,,,,,,,
2456,6.3,,,,,,,,,,,,,,,,,,,,
2457,6.3,,,,,,,,,,,,,,,,,,,,
2458,6.3,,,,,,,,,,,,,,,,,,,,
2459,6.3,,,,,,,,,,,,,,,,,,,,
2460,6.3,,,,,,,,,,,,,,,,,,,,
2461,6.3,,,,,,,,,,,,,,,,,,,,
2462,6.3,,,,,,,,,,,,,,,,,,,,
2463,6.3,,,,,,,,,,,,,,,,,,,,
2464,6.3,,,,,,,,,,,,,,,,,,,,
2465,6.3,,,,,,,,,,,,,,,,,,,,
2466,6.3,,,,,,,,,,,,,,,,,,,,
2467,6.3,,,,,,,,,,,,,,,,,,,,
2468,6.3,,,,,,,,,,,,,,,,,,,,
2469,6.3,,,,,,,,,,,,,,,,,,,,
2470,6.3,,,,,,,,,,,,,,,,,,,,
2471,6.3,,,,,,,,,,,,,,,,,,,,
2472,6.3,,,,,,,,,,,,,,,,,,,,
2473,6.3,,,,,,,,,,,,,,,,,,,,
2474,6.3,,,,,,,,,,,,,,,,,,,,
2475,6.3,,,,,,,,,,,,,,,,,,,,
2476,6.3,,,,,,,,,,,,,,,,,,,,
2477,6.3,,,,,,,,,,,,,,,,,,,,
2478,6.3,,,,,,,,,,,,,,,,,,,,
2479,6.3,,,,,,,,,,,,,,,,,,,,
2480,6.3,,,,,,,,,,,,,,,,,,,,
2481,6.3,,,,,,,,,,,,,,,,,,,,
2482,6.3,,,,,,,,,,,,,,,,,,,,
2483,6.3,,,,,,,,,,,,,,,,,,,,
2484,6.3,,,,,,,,,,,,,,,,,,,,
2485,6.3,,,,,,,,,,,,,,,,,,,,
2486,6.3,,,,,,,,,,,,,,,,,,,,
2487,6.3,,,,,,,,,,,,,,,,,,,,
2488,6.3,,,,,,,,,,,,,,,,,,,,
2489,6.3,,,,,,,,,,,,,,,,,,,,
2490,6.3,,,,,,,,,,,,,,,,,,,,
2491,6.3,,,,,,,,,,,,,,,,,,,,
2492,6.3,,,,,,,,,,,,,,,,,,,,
2493,6.3,,,,,,,,,,,,,,,,,,,,
2494,6.3,,,,,,,,,,,,,,,,,,,,
2495,6.3,,,,,,,,,,,,,,,,,,,,
2496,6.3,,,,,,,,,,,,,,,,,,,,
2497,6.3,,,,,,,,,,,,,,,,,,,,
2498,6.3,,,,,,,,,,,,,,,,,,,,
2499,6.3,,,,,,,,,,,,,,,,,,,,
2500,6.3,,,,,,,,,,,,,,,,,,,,
2501,6.3,,,,,,,,,,,,,,,,,,,,
2502,6.3,,,,,,,,,,,,,,,,,,,,
2503,6.3,,,,,,,,,,,,,,,,,,,,
2504,6.3,,,,,,,,,,,,,,,,,,,,
2505,6.3,,,,,,,,,,,,,,,,,,,,
2506,6.3,,,,,,,,,,,,,,,,,,,,
2507,6.3,,,,,,,,,,,,,,,,,,,,
2508,6.3,,,,,,,,,,,,,,,,,,,,
2509,6.3,,,,,,,,,,,,,,,,,,,,
2510,6.3,,,,,,,,,,,,,,,,,,,,
2511,6.3,,,,,,,,,,,,,,,,,,,,
2512,6.3,,,,,,,,,,,,,,,,,,,,
2513,6.3,,,,,,,,,,,,,,,,,,,,
2514,6.3,,,,,,,,,,,,,,,,,,,,
2515,6.3,,,,,,,,,,,,,,,,,,,,
2516,6.3,,,,,,,,,,,,,,,,,,,,
2517,6.3,,,,,,,,,,,,,,,,,,,,
2518,6.3,,,,,,,,,,,,,,,,,,,,
2519,6.3,,,,,,,,,,,,,,,,,,,,
2520,6.3,,,,,,,,,,,,,,,,,,,,
2521,6.3,,,,,,,,,,,,,,,,,,,,
2522,6.3,,,,,,,,,,,,,,,,,,,,
2523,6.3,,,,,,,,,,,,,,,,,,,,
2524,6.3,,,,,,,,,,,,,,,,,,,,
2525,6.3,,,,,,,,,,,,,,,,,,,,
2526,6.3,,,,,,,,,,,,,,,,,,,,
2527,6.3,,,,,,,,,,,,,,,,,,,,
2528,6.3,,,,,,,,,,,,,,,,,,,,
2529,6.3,,,,,,,,,,,,,,,,,,,,
2530,6.3,,,,,,,,,,,,,,,,,,,,
2531,6.3,,,,,,,,,,,,,,,,,,,,
2532,6.3,,,,,,,,,,,,,,,,,,,,
2533,6.3,,,,,,,,,,,,,,,,,,,,
2534,6.3,,,,,,,,,,,,,,,,,,,,
2535,6.3,,,,,,,,,,,,,,,,,,,,
2536,6.3,,,,,,,,,,,,,,,,,,,,
2537,6.3,,,,,,,,,,,,,,,,,,,,
2538,6.3,,,,,,,,,,,,,,,,,,,,
2539,6.3,,,,,,,,,,,,,,,,,,,,
2540,6.3,,,,,,,,,,,,,,,,,,,,
2541,6.3,,,,,,,,,,,,,,,,,,,,
2542,6.3,,,,,,,,,,,,,,,,,,,,
2543,6.3,,,,,,,,,,,,,,,,,,,,
2544,6.3,,,,,,,,,,,,,,,,,,,,
2545,6.3,,,,,,,,,,,,,,,,,,,,
2546,6.3,,,,,,,,,,,,,,,,,,,,
2547,6.3,,,,,,,,,,,,,,,,,,,,
2548,6.3,,,,,,,,,,,,,,,,,,,,
2549,6.3,,,,,,,,,,,,,,,,,,,,
2550,6.3,,,,,,,,,,,,,,,,,,,,
2551,6.3,,,,,,,,,,,,,,,,,,,,
2552,6.3,,,,,,,,,,,,,,,,,,,,
2553,6.3,,,,,,,,,,,,,,,,,,,,
2554,6.3,,,,,,,,,,,,,,,,,,,,
2555,6.3,,,,,,,,,,,,,,,,,,,,
2556,6.3,,,,,,,,,,,,,,,,,,,,
2557,6.3,,,,,,,,,,,,,,,,,,,,
2558,6.3,,,,,,,,,,,,,,,,,,,,
2559,6.3,,,,,,,,,,,,,,,,,,,,
2560,6.3,,,,,,,,,,,,,,,,,,,,
2561,6.3,,,,,,,,,,,,,,,,,,,,
2562,6.3,,,,,,,,,,,,,,,,,,,,
2563,6.3,,,,,,,,,,,,,,,,,,,,
2564,6.3,,,,,,,,,,,,,,,,,,,,
2565,6.3,,,,,,,,,,,,,,,,,,,,
2566,6.3,,,,,,,,,,,,,,,,,,,,
2567,6.3,,,,,,,,,,,,,,,,,,,,
2568,6.3,,,,,,,,,,,,,,,,,,,,
2569,6.3,,,,,,,,,,,,,,,,,,,,
2570,6.3,,,,,,,,,,,,,,,,,,,,
2571,6.3,,,,,,,,,,,,,,,,,,,,
2572,6.3,,,,,,,,,,,,,,,,,,,,
2573,6.3,,,,,,,,,,,,,,,,,,,,
2574,6.3,,,,,,,,,,,,,,,,,,,,
2575,6.3,,,,,,,,,,,,,,,,,,,,
2576,6.3,,,,,,,,,,,,,,,,,,,,
2577,6.3,,,,,,,,,,,,,,,,,,,,
2578,6.3,,,,,,,,,,,,,,,,,,,,
2579,6.3,,,,,,,,,,,,,,,,,,,,
2580,6.3,,,,,,,,,,,,,,,,,,,,
2581,6.3,,,,,,,,,,,,,,,,,,,,
2582,6.3,,,,,,,,,,,,,,,,,,,,
2583,6.4,,,,,,,,,,,,,,,,,,,,
2584,6.4,,,,,,,,,,,,,,,,,,,,
2585,6.4,,,,,,,,,,,,,,,,,,,,
2586,6.4,,,,,,,,,,,,,,,,,,,,
2587,6.4,,,,,,,,,,,,,,,,,,,,
2588,6.4,,,,,,,,,,,,,,,,,,,,
2589,6.4,,,,,,,,,,,,,,,,,,,,
2590,6.4,,,,,,,,,,,,,,,,,,,,
2591,6.4,,,,,,,,,,,,,,,,,,,,
2592,6.4,,,,,,,,,,,,,,,,,,,,
2593,6.4,,,,,,,,,,,,,,,,,,,,
2594,6.4,,,,,,,,,,,,,,,,,,,,
2595,6.4,,,,,,,,,,,,,,,,,,,,
2596,6.4,,,,,,,,,,,,,,,,,,,,
2597,6.4,,,,,,,,,,,,,,,,,,,,
2598,6.4,,,,,,,,,,,,,,,,,,,,
2599,6.4,,,,,,,,,,,,,,,,,,,,
2600,6.4,,,,,,,,,,,,,,,,,,,,
2601,6.4,,,,,,,,,,,,,,,,,,,,
2602,6.4,,,,,,,,,,,,,,,,,,,,
2603,6.4,,,,,,,,,,,,,,,,,,,,
2604,6.4,,,,,,,,,,,,,,,,,,,,
2605,6.4,,,,,,,,,,,,,,,,,,,,
2606,6.4,,,,,,,,,,,,,,,,,,,,
2607,6.4,,,,,,,,,,,,,,,,,,,,
2608,6.4,,,,,,,,,,,,,,,,,,,,
2609,6.4,,,,,,,,,,,,,,,,,,,,
2610,6.4,,,,,,,,,,,,,,,,,,,,
2611,6.4,,,,,,,,,,,,,,,,,,,,
2612,6.4,,,,,,,,,,,,,,,,,,,,
2613,6.4,,,,,,,,,,,,,,,,,,,,
2614,6.4,,,,,,,,,,,,,,,,,,,,
2615,6.4,,,,,,,,,,,,,,,,,,,,
2616,6.4,,,,,,,,,,,,,,,,,,,,
2617,6.4,,,,,,,,,,,,,,,,,,,,
2618,6.4,,,,,,,,,,,,,,,,,,,,
2619,6.4,,,,,,,,,,,,,,,,,,,,
2620,6.4,,,,,,,,,,,,,,,,,,,,
2621,6.4,,,,,,,,,,,,,,,,,,,,
2622,6.4,,,,,,,,,,,,,,,,,,,,
2623,6.4,,,,,,,,,,,,,,,,,,,,
2624,6.4,,,,,,,,,,,,,,,,,,,,
2625,6.4,,,,,,,,,,,,,,,,,,,,
2626,6.4,,,,,,,,,,,,,,,,,,,,
2627,6.4,,,,,,,,,,,,,,,,,,,,
2628,6.4,,,,,,,,,,,,,,,,,,,,
2629,6.4,,,,,,,,,,,,,,,,,,,,
2630,6.4,,,,,,,,,,,,,,,,,,,,
2631,6.4,,,,,,,,,,,,,,,,,,,,
2632,6.4,,,,,,,,,,,,,,,,,,,,
2633,6.4,,,,,,,,,,,,,,,,,,,,
2634,6.4,,,,,,,,,,,,,,,,,,,,
2635,6.4,,,,,,,,,,,,,,,,,,,,
2636,6.4,,,,,,,,,,,,,,,,,,,,
2637,6.4,,,,,,,,,,,,,,,,,,,,
2638,6.4,,,,,,,,,,,,,,,,,,,,
2639,6.4,,,,,,,,,,,,,,,,,,,,
2640,6.4,,,,,,,,,,,,,,,,,,,,
2641,6.4,,,,,,,,,,,,,,,,,,,,
2642,6.4,,,,,,,,,,,,,,,,,,,,
2643,6.4,,,,,,,,,,,,,,,,,,,,
2644,6.4,,,,,,,,,,,,,,,,,,,,
2645,6.4,,,,,,,,,,,,,,,,,,,,
2646,6.4,,,,,,,,,,,,,,,,,,,,
2647,6.4,,,,,,,,,,,,,,,,,,,,
2648,6.4,,,,,,,,,,,,,,,,,,,,
2649,6.4,,,,,,,,,,,,,,,,,,,,
2650,6.4,,,,,,,,,,,,,,,,,,,,
2651,6.4,,,,,,,,,,,,,,,,,,,,
2652,6.4,,,,,,,,,,,,,,,,,,,,
2653,6.4,,,,,,,,,,,,,,,,,,,,
2654,6.4,,,,,,,,,,,,,,,,,,,,
2655,6.4,,,,,,,,,,,,,,,,,,,,
2656,6.4,,,,,,,,,,,,,,,,,,,,
2657,6.4,,,,,,,,,,,,,,,,,,,,
2658,6.4,,,,,,,,,,,,,,,,,,,,
2659,6.4,,,,,,,,,,,,,,,,,,,,
2660,6.4,,,,,,,,,,,,,,,,,,,,
2661,6.4,,,,,,,,,,,,,,,,,,,,
2662,6.4,,,,,,,,,,,,,,,,,,,,
2663,6.4,,,,,,,,,,,,,,,,,,,,
2664,6.4,,,,,,,,,,,,,,,,,,,,
2665,6.4,,,,,,,,,,,,,,,,,,,,
2666,6.4,,,,,,,,,,,,,,,,,,,,
2667,6.4,,,,,,,,,,,,,,,,,,,,
2668,6.4,,,,,,,,,,,,,,,,,,,,
2669,6.4,,,,,,,,,,,,,,,,,,,,
2670,6.4,,,,,,,,,,,,,,,,,,,,
2671,6.4,,,,,,,,,,,,,,,,,,,,
2672,6.4,,,,,,,,,,,,,,,,,,,,
2673,6.4,,,,,,,,,,,,,,,,,,,,
2674,6.4,,,,,,,,,,,,,,,,,,,,
2675,6.4,,,,,,,,,,,,,,,,,,,,
2676,6.4,,,,,,,,,,,,,,,,,,,,
2677,6.4,,,,,,,,,,,,,,,,,,,,
2678,6.4,,,,,,,,,,,,,,,,,,,,
2679,6.4,,,,,,,,,,,,,,,,,,,,
2680,6.4,,,,,,,,,,,,,,,,,,,,
2681,6.4,,,,,,,,,,,,,,,,,,,,
2682,6.4,,,,,,,,,,,,,,,,,,,,
2683,6.4,,,,,,,,,,,,,,,,,,,,
2684,6.4,,,,,,,,,,,,,,,,,,,,
2685,6.4,,,,,,,,,,,,,,,,,,,,
2686,6.4,,,,,,,,,,,,,,,,,,,,
2687,6.4,,,,,,,,,,,,,,,,,,,,
2688,6.4,,,,,,,,,,,,,,,,,,,,
2689,6.4,,,,,,,,,,,,,,,,,,,,
2690,6.4,,,,,,,,,,,,,,,,,,,,
2691,6.4,,,,,,,,,,,,,,,,,,,,
2692,6.4,,,,,,,,,,,,,,,,,,,,
2693,6.4,,,,,,,,,,,,,,,,,,,,
2694,6.4,,,,,,,,,,,,,,,,,,,,
2695,6.4,,,,,,,,,,,,,,,,,,,,
2696,6.4,,,,,,,,,,,,,,,,,,,,
2697,6.4,,,,,,,,,,,,,,,,,,,,
2698,6.4,,,,,,,,,,,,,,,,,,,,
2699,6.4,,,,,,,,,,,,,,,,,,,,
2700,6.4,,,,,,,,,,,,,,,,,,,,
2701,6.4,,,,,,,,,,,,,,,,,,,,
2702,6.4,,,,,,,,,,,,,,,,,,,,
2703,6.4,,,,,,,,,,,,,,,,,,,,
2704,6.4,,,,,,,,,,,,,,,,,,,,
2705,6.4,,,,,,,,,,,,,,,,,,,,
2706,6.4,,,,,,,,,,,,,,,,,,,,
2707,6.4,,,,,,,,,,,,,,,,,,,,
2708,6.4,,,,,,,,,,,,,,,,,,,,
2709,6.4,,,,,,,,,,,,,,,,,,,,
2710,6.4,,,,,,,,,,,,,,,,,,,,
2711,6.4,,,,,,,,,,,,,,,,,,,,
2712,6.4,,,,,,,,,,,,,,,,,,,,
2713,6.4,,,,,,,,,,,,,,,,,,,,
2714,6.4,,,,,,,,,,,,,,,,,,,,
2715,6.4,,,,,,,,,,,,,,,,,,,,
2716,6.4,,,,,,,,,,,,,,,,,,,,
2717,6.4,,,,,,,,,,,,,,,,,,,,
2718,6.4,,,,,,,,,,,,,,,,,,,,
2719,6.4,,,,,,,,,,,,,,,,,,,,
2720,6.4,,,,,,,,,,,,,,,,,,,,
2721,6.4,,,,,,,,,,,,,,,,,,,,
2722,6.4,,,,,,,,,,,,,,,,,,,,
2723,6.4,,,,,,,,,,,,,,,,,,,,
2724,6.4,,,,,,,,,,,,,,,,,,,,
2725,6.4,,,,,,,,,,,,,,,,,,,,
2726,6.4,,,,,,,,,,,,,,,,,,,,
2727,6.4,,,,,,,,,,,,,,,,,,,,
2728,6.4,,,,,,,,,,,,,,,,,,,,
2729,6.4,,,,,,,,,,,,,,,,,,,,
2730,6.4,,,,,,,,,,,,,,,,,,,,
2731,6.4,,,,,,,,,,,,,,,,,,,,
2732,6.4,,,,,,,,,,,,,,,,,,,,
2733,6.4,,,,,,,,,,,,,,,,,,,,
2734,6.4,,,,,,,,,,,,,,,,,,,,
2735,6.4,,,,,,,,,,,,,,,,,,,,
2736,6.4,,,,,,,,,,,,,,,,,,,,
2737,6.4,,,,,,,,,,,,,,,,,,,,
2738,6.4,,,,,,,,,,,,,,,,,,,,
2739,6.4,,,,,,,,,,,,,,,,,,,,
2740,6.4,,,,,,,,,,,,,,,,,,,,
2741,6.4,,,,,,,,,,,,,,,,,,,,
2742,6.4,,,,,,,,,,,,,,,,,,,,
2743,6.4,,,,,,,,,,,,,,,,,,,,
2744,6.4,,,,,,,,,,,,,,,,,,,,
2745,6.4,,,,,,,,,,,,,,,,,,,,
2746,6.4,,,,,,,,,,,,,,,,,,,,
2747,6.4,,,,,,,,,,,,,,,,,,,,
2748,6.4,,,,,,,,,,,,,,,,,,,,
2749,6.4,,,,,,,,,,,,,,,,,,,,
2750,6.4,,,,,,,,,,,,,,,,,,,,
2751,6.4,,,,,,,,,,,,,,,,,,,,
2752,6.4,,,,,,,,,,,,,,,,,,,,
2753,6.4,,,,,,,,,,,,,,,,,,,,
2754,6.4,,,,,,,,,,,,,,,,,,,,
2755,6.4,,,,,,,,,,,,,,,,,,,,
2756,6.4,,,,,,,,,,,,,,,,,,,,
2757,6.4,,,,,,,,,,,,,,,,,,,,
2758,6.4,,,,,,,,,,,,,,,,,,,,
2759,6.4,,,,,,,,,,,,,,,,,,,,
2760,6.4,,,,,,,,,,,,,,,,,,,,
2761,6.4,,,,,,,,,,,,,,,,,,,,
2762,6.4,,,,,,,,,,,,,,,,,,,,
2763,6.4,,,,,,,,,,,,,,,,,,,,
2764,6.4,,,,,,,,,,,,,,,,,,,,
2765,6.4,,,,,,,,,,,,,,,,,,,,
2766,6.4,,,,,,,,,,,,,,,,,,,,
2767,6.4,,,,,,,,,,,,,,,,,,,,
2768,6.4,,,,,,,,,,,,,,,,,,,,
2769,6.5,,,,,,,,,,,,,,,,,,,,
2770,6.5,,,,,,,,,,,,,,,,,,,,
2771,6.5,,,,,,,,,,,,,,,,,,,,
2772,6.5,,,,,,,,,,,,,,,,,,,,
2773,6.5,,,,,,,,,,,,,,,,,,,,
2774,6.5,,,,,,,,,,,,,,,,,,,,
2775,6.5,,,,,,,,,,,,,,,,,,,,
2776,6.5,,,,,,,,,,,,,,,,,,,,
2777,6.5,,,,,,,,,,,,,,,,,,,,
2778,6.5,,,,,,,,,,,,,,,,,,,,
2779,6.5,,,,,,,,,,,,,,,,,,,,
2780,6.5,,,,,,,,,,,,,,,,,,,,
2781,6.5,,,,,,,,,,,,,,,,,,,,
2782,6.5,,,,,,,,,,,,,,,,,,,,
2783,6.5,,,,,,,,,,,,,,,,,,,,
2784,6.5,,,,,,,,,,,,,,,,,,,,
2785,6.5,,,,,,,,,,,,,,,,,,,,
2786,6.5,,,,,,,,,,,,,,,,,,,,
2787,6.5,,,,,,,,,,,,,,,,,,,,
2788,6.5,,,,,,,,,,,,,,,,,,,,
2789,6.5,,,,,,,,,,,,,,,,,,,,
2790,6.5,,,,,,,,,,,,,,,,,,,,
2791,6.5,,,,,,,,,,,,,,,,,,,,
2792,6.5,,,,,,,,,,,,,,,,,,,,
2793,6.5,,,,,,,,,,,,,,,,,,,,
2794,6.5,,,,,,,,,,,,,,,,,,,,
2795,6.5,,,,,,,,,,,,,,,,,,,,
2796,6.5,,,,,,,,,,,,,,,,,,,,
2797,6.5,,,,,,,,,,,,,,,,,,,,
2798,6.5,,,,,,,,,,,,,,,,,,,,
2799,6.5,,,,,,,,,,,,,,,,,,,,
2800,6.5,,,,,,,,,,,,,,,,,,,,
2801,6.5,,,,,,,,,,,,,,,,,,,,
2802,6.5,,,,,,,,,,,,,,,,,,,,
2803,6.5,,,,,,,,,,,,,,,,,,,,
2804,6.5,,,,,,,,,,,,,,,,,,,,
2805,6.5,,,,,,,,,,,,,,,,,,,,
2806,6.5,,,,,,,,,,,,,,,,,,,,
2807,6.5,,,,,,,,,,,,,,,,,,,,
2808,6.5,,,,,,,,,,,,,,,,,,,,
2809,6.5,,,,,,,,,,,,,,,,,,,,
2810,6.5,,,,,,,,,,,,,,,,,,,,
2811,6.5,,,,,,,,,,,,,,,,,,,,
2812,6.5,,,,,,,,,,,,,,,,,,,,
2813,6.5,,,,,,,,,,,,,,,,,,,,
2814,6.5,,,,,,,,,,,,,,,,,,,,
2815,6.5,,,,,,,,,,,,,,,,,,,,
2816,6.5,,,,,,,,,,,,,,,,,,,,
2817,6.5,,,,,,,,,,,,,,,,,,,,
2818,6.5,,,,,,,,,,,,,,,,,,,,
2819,6.5,,,,,,,,,,,,,,,,,,,,
2820,6.5,,,,,,,,,,,,,,,,,,,,
2821,6.5,,,,,,,,,,,,,,,,,,,,
2822,6.5,,,,,,,,,,,,,,,,,,,,
2823,6.5,,,     ,,,,,,,,,,,,,,,,,
2824,6.5,,,,,,,,,,,,,,,,,,,,
2825,6.5,,,,,,,,,,,,,,,,,,,,
2826,6.5,,,,,,,,,,,,,,,,,,,,
2827,6.5,,,,,,,,,,,,,,,,,,,,
2828,6.5,,,,,,,,,,,,,,,,,,,,
2829,6.5,,,,,,,,,,,,,,,,,,,,
2830,6.5,,,,,,,,,,,,,,,,,,,,
2831,6.5,,,,,,,,,,,,,,,,,,,,
2832,6.5,,,,,,,,,,,,,,,,,,,,
2833,6.5,,,,,,,,,,,,,,,,,,,,
2834,6.5,,,,,,,,,,,,,,,,,,,,
2835,6.5,,,,,,,,,,,,,,,,,,,,
2836,6.5,,,,,,,,,,,,,,,,,,,,
2837,6.5,,,,,,,,,,,,,,,,,,,,
2838,6.5,,,,,,,,,,,,,,,,,,,,
2839,6.5,,,,,,,,,,,,,,,,,,,,
2840,6.5,,,,,,,,,,,,,,,,,,,,
2841,6.5,,,,,,,,,,,,,,,,,,,,
2842,6.5,,,,,,,,,,,,,,,,,,,,
2843,6.5,,,,,,,,,,,,,,,,,,,,
2844,6.5,,,,,,,,,,,,,,,,,,,,
2845,6.5,,,,,,,,,,,,,,,,,,,,
2846,6.5,,,,,,,,,,,,,,,,,,,,
2847,6.5,,,,,,,,,,,,,,,,,,,,
2848,6.5,,,,,,,,,,,,,,,,,,,,
2849,6.5,,,,,,,,,,,,,,,,,,,,
2850,6.5,,,,,,,,,,,,,,,,,,,,
2851,6.5,,,,,,,,,,,,,,,,,,,,
2852,6.5,,,,,,,,,,,,,,,,,,,,
2853,6.5,,,,,,,,,,,,,,,,,,,,
2854,6.5,,,,,,,,,,,,,,,,,,,,
2855,6.5,,,,,,,,,,,,,,,,,,,,
2856,6.5,,,,,,,,,,,,,,,,,,,,
2857,6.5,,,,,,,,,,,,,,,,,,,,
2858,6.5,,,,,,,,,,,,,,,,,,,,
2859,6.5,,,,,,,,,,,,,,,,,,,,
2860,6.5,,,,,,,,,,,,,,,,,,,,
2861,6.5,,,,,,,,,,,,,,,,,,,,
2862,6.5,,,,,,,,,,,,,,,,,,,,
2863,6.5,,,,,,,,,,,,,,,,,,,,
2864,6.5,,,,,,,,,,,,,,,,,,,,
2865,6.5,,,,,,,,,,,,,,,,,,,,
2866,6.5,,,,,,,,,,,,,,,,,,,,
2867,6.5,,,,,,,,,,,,,,,,,,,,
2868,6.5,,,,,,,,,,,,,,,,,,,,
2869,6.5,,,,,,,,,,,,,,,,,,,,
2870,6.5,,,,,,,,,,,,,,,,,,,,
2871,6.5,,,,,,,,,,,,,,,,,,,,
2872,6.6,,,,,,,,,,,,,,,,,,,,
2873,6.6,,,,,,,,,,,,,,,,,,,,
2874,6.6,,,,,,,,,,,,,,,,,,,,
2875,6.6,,,,,,,,,,,,,,,,,,,,
2876,6.6,,,,,,,,,,,,,,,,,,,,
2877,6.6,,,,,,,,,,,,,,,,,,,,
2878,6.6,,,,,,,,,,,,,,,,,,,,
2879,6.6,,,,,,,,,,,,,,,,,,,,
2880,6.6,,,,,,,,,,,,,,,,,,,,
2881,6.6,,,,,,,,,,,,,,,,,,,,
2882,6.6,,,,,,,,,,,,,,,,,,,,
2883,6.6,,,,,,,,,,,,,,,,,,,,
2884,6.6,,,,,,,,,,,,,,,,,,,,
2885,6.6,,,,,,,,,,,,,,,,,,,,
2886,6.6,,,,,,,,,,,,,,,,,,,,
2887,6.6,,,,,,,,,,,,,,,,,,,,
2888,6.6,,,,,,,,,,,,,,,,,,,,
2889,6.6,,,,,,,,,,,,,,,,,,,,
2890,6.6,,,,,,,,,,,,,,,,,,,,
2891,6.6,,,,,,,,,,,,,,,,,,,,
2892,6.6,,,,,,,,,,,,,,,,,,,,
2893,6.6,,,,,,,,,,,,,,,,,,,,
2894,6.6,,,,,,,,,,,,,,,,,,,,
2895,6.6,,,,,,,,,,,,,,,,,,,,
2896,6.6,,,,,,,,,,,,,,,,,,,,
2897,6.6,,,,,,,,,,,,,,,,,,,,
2898,6.6,,,,,,,,,,,,,,,,,,,,
2899,6.6,,,,,,,,,,,,,,,,,,,,
2900,6.6,,,,,,,,,,,,,,,,,,,,
2901,6.6,,,,,,,,,,,,,,,,,,,,
2902,6.6,,,,,,,,,,,,,,,,,,,,
2903,6.6,,,,,,,,,,,,,,,,,,,,
2904,6.6,,,,,,,,,,,,,,,,,,,,
2905,6.6,,,,,,,,,,,,,,,,,,,,
2906,6.6,,,,,,,,,,,,,,,,,,,,
2907,6.6,,,,,,,,,,,,,,,,,,,,
2908,6.6,,,,,,,,,,,,,,,,,,,,
2909,6.6,,,,,,,,,,,,,,,,,,,,
2910,6.6,,,,,,,,,,,,,,,,,,,,
2911,6.6,,,,,,,,,,,,,,,,,,,,
2912,6.6,,,,,,,,,,,,,,,,,,,,
2913,6.6,,,,,,,,,,,,,,,,,,,,
2914,6.6,,,,,,,,,,,,,,,,,,,,
2915,6.6,,,,,,,,,,,,,,,,,,,,
2916,6.6,,,,,,,,,,,,,,,,,,,,
2917,6.6,,,,,,,,,,,,,,,,,,,,
2918,6.6,,,,,,,,,,,,,,,,,,,,
2919,6.6,,,,,,,,,,,,,,,,,,,,
2920,6.6,,,,,,,,,,,,,,,,,,,,
2921,6.6,,,,,,,,,,,,,,,,,,,,
2922,6.6,,,,,,,,,,,,,,,,,,,,
2923,6.6,,,,,,,,,,,,,,,,,,,,
2924,6.6,,,,,,,,,,,,,,,,,,,,
2925,6.6,,,,,,,,,,,,,,,,,,,,
2926,6.6,,,,,,,,,,,,,,,,,,,,
2927,6.6,,,,,,,,,,,,,,,,,,,,
2928,6.6,,,,,,,,,,,,,,,,,,,,
2929,6.6,,,,,,,,,,,,,,,,,,,,
2930,6.6,,,,,,,,,,,,,,,,,,,,
2931,6.6,,,,,,,,,,,,,,,,,,,,
2932,6.6,,,,,,,,,,,,,,,,,,,,
2933,6.6,,,,,,,,,,,,,,,,,,,,
2934,6.6,,,,,,,,,,,,,,,,,,,,
2935,6.6,,,,,,,,,,,,,,,,,,,,
2936,6.6,,,,,,,,,,,,,,,,,,,,
2937,6.6,,,,,,,,,,,,,,,,,,,,
2938,6.6,,,,,,,,,,,,,,,,,,,,
2939,6.6,,,,,,,,,,,,,,,,,,,,
2940,6.6,,,,,,,,,,,,,,,,,,,,
2941,6.6,,,,,,,,,,,,,,,,,,,,
2942,6.6,,,,,,,,,,,,,,,,,,,,
2943,6.6,,,,,,,,,,,,,,,,,,,,
2944,6.6,,,,,,,,,,,,,,,,,,,,
2945,6.6,,,,,,,,,,,,,,,,,,,,
2946,6.6,,,,,,,,,,,,,,,,,,,,
2947,6.6,,,,,,,,,,,,,,,,,,,,
2948,6.6,,,,,,,,,,,,,,,,,,,,
2949,6.6,,,,,,,,,,,,,,,,,,,,
2950,6.6,,,,,,,,,,,,,,,,,,,,
2951,6.6,,,,,,,,,,,,,,,,,,,,
2952,6.6,,,,,,,,,,,,,,,,,,,,
2953,6.6,,,,,,,,,,,,,,,,,,,,
2954,6.6,,,,,,,,,,,,,,,,,,,,
2955,6.6,,,,,,,,,,,,,,,,,,,,
2956,6.6,,,,,,,,,,,,,,,,,,,,
2957,6.6,,,,,,,,,,,,,,,,,,,,
2958,6.7,,,,,,,,,,,,,,,,,,,,
2959,6.7,,,,,,,,,,,,,,,,,,,,
2960,6.7,,,,,,,,,,,,,,,,,,,,
2961,6.7,,,,,,,,,,,,,,,,,,,,
2962,6.7,,,,,,,,,,,,,,,,,,,,
2963,6.7,,,,,,,,,,,,,,,,,,,,
2964,6.7,,,,,,,,,,,,,,,,,,,,
2965,6.7,,,,,,,,,,,,,,,,,,,,
2966,6.7,,,,,,,,,,,,,,,,,,,,
2967,6.7,,,,,,,,,,,,,,,,,,,,
2968,6.7,,,,,,,,,,,,,,,,,,,,
2969,6.7,,,,,,,,,,,,,,,,,,,,
2970,6.7,,,,,,,,,,,,,,,,,,,,
2971,6.7,,,,,,,,,,,,,,,,,,,,
2972,6.7,,,,,,,,,,,,,,,,,,,,
2973,6.7,,,,,,,,,,,,,,,,,,,,
2974,6.7,,,,,,,,,,,,,,,,,,,,
2975,6.7,,,,,,,,,,,,,,,,,,,,
2976,6.7,,,,,,,,,,,,,,,,,,,,
2977,6.7,,,,,,,,,,,,,,,,,,,,
2978,6.7,,,,,,,,,,,,,,,,,,,,
2979,6.7,,,,,,,,,,,,,,,,,,,,
2980,6.7,,,,,,,,,,,,,,,,,,,,
2981,6.7,,,,,,,,,,,,,,,,,,,,
2982,6.7,,,,,,,,,,,,,,,,,,,,
2983,6.7,,,,,,,,,,,,,,,,,,,,
2984,6.7,,,,,,,,,,,,,,,,,,,,
2985,6.7,,,,,,,,,,,,,,,,,,,,
2986,6.7,,,,,,,,,,,,,,,,,,,,
2987,6.7,,,,,,,,,,,,,,,,,,,,
2988,6.7,,,,,,,,,,,,,,,,,,,,
2989,6.7,,,,,,,,,,,,,,,,,,,,
2990,6.7,,,,,,,,,,,,,,,,,,,,
2991,6.7,,,,,,,,,,,,,,,,,,,,
2992,6.7,,,,,,,,,,,,,,,,,,,,
2993,6.7,,,,,,,,,,,,,,,,,,,,
2994,6.7,,,,,,,,,,,,,,,,,,,,
2995,6.7,,,,,,,,,,,,,,,,,,,,
2996,6.7,,,,,,,,,,,,,,,,,,,,
2997,6.7,,,,,,,,,,,,,,,,,,,,
2998,6.7,,,,,,,,,,,,,,,,,,,,
2999,6.7,,,,,,,,,,,,,,,,,,,,
3000,6.7,,,,,,,,,,,,,,,,,,,,
3001,6.7,,,,,,,,,,,,,,,,,,,,
3002,6.7,,,,,,,,,,,,,,,,,,,,
3003,6.7,,,,,,,,,,,,,,,,,,,,
3004,6.7,,,,,,,,,,,,,,,,,,,,
3005,6.7,,,,,,,,,,,,,,,,,,,,
3006,6.7,,,,,,,,,,,,,,,,,,,,
3007,6.7,,,,,,,,,,,,,,,,,,,,
3008,6.7,,,,,,,,,,,,,,,,,,,,
3009,6.7,,,,,,,,,,,,,,,,,,,,
3010,6.7,,,,,,,,,,,,,,,,,,,,
3011,6.7,,,,,,,,,,,,,,,,,,,,
3012,6.7,,,,,,,,,,,,,,,,,,,,
3013,6.7,,,,,,,,,,,,,,,,,,,,
3014,6.7,,,,,,,,,,,,,,,,,,,,
3015,6.7,,,,,,,,,,,,,,,,,,,,
3016,6.7,,,,,,,,,,,,,,,,,,,,
3017,6.7,,,,,,,,,,,,,,,,,,,,
3018,6.7,,,,,,,,,,,,,,,,,,,,
3019,6.7,,,,,,,,,,,,,,,,,,,,
3020,6.7,,,,,,,,,,,,,,,,,,,,
3021,6.7,,,,,,,,,,,,,,,,,,,,
3022,6.7,,,,,,,,,,,,,,,,,,,,
3023,6.7,,,,,,,,,,,,,,,,,,,,
3024,6.7,,,,,,,,,,,,,,,,,,,,
3025,6.7,,,,,,,,,,,,,,,,,,,,
3026,6.7,,,,,,,,,,,,,,,,,,,,
3027,6.7,,,,,,,,,,,,,,,,,,,,
3028,6.7,,,,,,,,,,,,,,,,,,,,
3029,6.7,,,,,,,,,,,,,,,,,,,,
3030,6.7,,,,,,,,,,,,,,,,,,,,
3031,6.7,,,,,,,,,,,,,,,,,,,,
3032,6.7,,,,,,,,,,,,,,,,,,,,
3033,6.7,,,,,,,,,,,,,,,,,,,,
3034,6.7,,,,,,,,,,,,,,,,,,,,
3035,6.7,,,,,,,,,,,,,,,,,,,,
3036,6.7,,,,,,,,,,,,,,,,,,,,
3037,6.7,,,,,,,,,,,,,,,,,,,,
3038,6.7,,,,,,,,,,,,,,,,,,,,
3039,6.7,,,,,,,,,,,,,,,,,,,,
3040,6.7,,,,,,,,,,,,,,,,,,,,
3041,6.7,,,,,,,,,,,,,,,,,,,,
3042,6.7,,,,,,,,,,,,,,,,,,,,
3043,6.7,,,,,,,,,,,,,,,,,,,,
3044,6.7,,,,,,,,,,,,,,,,,,,,
3045,6.7,,,,,,,,,,,,,,,,,,,,
3046,6.7,,,,,,,,,,,,,,,,,,,,
3047,6.7,,,,,,,,,,,,,,,,,,,,
3048,6.7,,,,,,,,,,,,,,,,,,,,
3049,6.7,,,,,,,,,,,,,,,,,,,,
3050,6.7,,,,,,,,,,,,,,,,,,,,
3051,6.7,,,,,,,,,,,,,,,,,,,,
3052,6.7,,,,,,,,,,,,,,,,,,,,
3053,6.7,,,,,,,,,,,,,,,,,,,,
3054,6.7,,,,,,,,,,,,,,,,,,,,
3055,6.7,,,,,,,,,,,,,,,,,,,,
3056,6.7,,,,,,,,,,,,,,,,,,,,
3057,6.8,,,,,,,,,,,,,,,,,,,,
3058,6.8,,,,,,,,,,,,,,,,,,,,
3059,6.8,,,,,,,,,,,,,,,,,,,,
3060,6.8,,,,,,,,,,,,,,,,,,,,
3061,6.8,,,,,,,,,,,,,,,,,,,,
3062,6.8,,,,,,,,,,,,,,,,,,,,
3063,6.8,,,,,,,,,,,,,,,,,,,,
3064,6.8,,,,,,,,,,,,,,,,,,,,
3065,6.8,,,,,,,,,,,,,,,,,,,,
3066,6.8,,,,,,,,,,,,,,,,,,,,
3067,6.8,,,,,,,,,,,,,,,,,,,,
3068,6.8,,,,,,,,,,,,,,,,,,,,
3069,6.8,,,,,,,,,,,,,,,,,,,,
3070,6.8,,,,,,,,,,,,,,,,,,,,
3071,6.8,,,,,,,,,,,,,,,,,,,,
3072,6.8,,,,,,,,,,,,,,,,,,,,
3073,6.8,,,,,,,,,,,,,,,,,,,,
3074,6.8,,,,,,,,,,,,,,,,,,,,
3075,6.8,,,,,,,,,,,,,,,,,,,,
3076,6.8,,,,,,,,,,,,,,,,,,,,
3077,6.8,,,,,,,,,,,,,,,,,,,,
3078,6.8,,,,,,,,,,,,,,,,,,,,
3079,6.8,,,,,,,,,,,,,,,,,,,,
3080,6.8,,,,,,,,,,,,,,,,,,,,
3081,6.8,,,,,,,,,,,,,,,,,,,,
3082,6.8,,,,,,,,,,,,,,,,,,,,
3083,6.8,,,,,,,,,,,,,,,,,,,,
3084,6.8,,,,,,,,,,,,,,,,,,,,
3085,6.8,,,,,,,,,,,,,,,,,,,,
3086,6.8,,,,,,,,,,,,,,,,,,,,
3087,6.8,,,,,,,,,,,,,,,,,,,,
3088,6.8,,,,,,,,,,,,,,,,,,,,
3089,6.8,,,,,,,,,,,,,,,,,,,,
3090,6.8,,,,,,,,,,,,,,,,,,,,
3091,6.8,,,,,,,,,,,,,,,,,,,,
3092,6.8,,,,,,,,,,,,,,,,,,,,
3093,6.8,,,,,,,,,,,,,,,,,,,,
3094,6.8,,,,,,,,,,,,,,,,,,,,
3095,6.8,,,,,,,,,,,,,,,,,,,,
3096,6.8,,,,,,,,,,,,,,,,,,,,
3097,6.8,,,,,,,,,,,,,,,,,,,,
3098,6.8,,,,,,,,,,,,,,,,,,,,
3099,6.8,,,,,,,,,,,,,,,,,,,,
3100,6.8,,,,,,,,,,,,,,,,,,,,
3101,6.8,,,,,,,,,,,,,,,,,,,,
3102,6.8,,,,,,,,,,,,,,,,,,,,
3103,6.8,,,,,,,,,,,,,,,,,,,,
3104,6.8,,,,,,,,,,,,,,,,,,,,
3105,6.8,,,,,,,,,,,,,,,,,,,,
3106,6.8,,,,,,,,,,,,,,,,,,,,
3107,6.8,,,,,,,,,,,,,,,,,,,,
3108,6.8,,,,,,,,,,,,,,,,,,,,
3109,6.8,,,,,,,,,,,,,,,,,,,,
3110,6.8,,,,,,,,,,,,,,,,,,,,
3111,6.8,,,,,,,,,,,,,,,,,,,,
3112,6.8,,,,,,,,,,,,,,,,,,,,
3113,6.8,,,,,,,,,,,,,,,,,,,,
3114,6.8,,,,,,,,,,,,,,,,,,,,
3115,6.8,,,,,,,,,,,,,,,,,,,,
3116,6.8,,,,,,,,,,,,,,,,,,,,
3117,6.8,,,,,,,,,,,,,,,,,,,,
3118,6.8,,,,,,,,,,,,,,,,,,,,
3119,6.8,,,,,,,,,,,,,,,,,,,,
3120,6.8,,,,,,,,,,,,,,,,,,,,
3121,6.8,,,,,,,,,,,,,,,,,,,,
3122,6.8,,,,,,,,,,,,,,,,,,,,
3123,6.8,,,,,,,,,,,,,,,,,,,,
3124,6.8,,,,,,,,,,,,,,,,,,,,
3125,6.8,,,,,,,,,,,,,,,,,,,,
3126,6.8,,,,,,,,,,,,,,,,,,,,
3127,6.8,,,,,,,,,,,,,,,,,,,,
3128,6.8,,,,,,,,,,,,,,,,,,,,
3129,6.8,,,,,,,,,,,,,,,,,,,,
3130,6.8,,,,,,,,,,,,,,,,,,,,
3131,6.8,,,,,,,,,,,,,,,,,,,,
3132,6.8,,,,,,,,,,,,,,,,,,,,
3133,6.8,,,,,,,,,,,,,,,,,,,,
3134,6.8,,,,,,,,,,,,,,,,,,,,
3135,6.8,,,,,,,,,,,,,,,,,,,,
3136,6.8,,,,,,,,,,,,,,,,,,,,
3137,6.8,,,,,,,,,,,,,,,,,,,,
3138,6.9,,,,,,,,,,,,,,,,,,,,
3139,6.9,,,,,,,,,,,,,,,,,,,,
3140,6.9,,,,,,,,,,,,,,,,,,,,
3141,6.9,,,,,,,,,,,,,,,,,,,,
3142,6.9,,,,,,,,,,,,,,,,,,,,
3143,6.9,,,,,,,,,,,,,,,,,,,,
3144,6.9,,,,,,,,,,,,,,,,,,,,
3145,6.9,,,,,,,,,,,,,,,,,,,,
3146,6.9,,,,,,,,,,,,,,,,,,,,
3147,6.9,,,,,,,,,,,,,,,,,,,,
3148,6.9,,,,,,,,,,,,,,,,,,,,
3149,6.9,,,,,,,,,,,,,,,,,,,,
3150,6.9,,,,,,,,,,,,,,,,,,,,
3151,6.9,,,,,,,,,,,,,,,,,,,,
3152,6.9,,,,,,,,,,,,,,,,,,,,
3153,6.9,,,,,,,,,,,,,,,,,,,,
3154,6.9,,,,,,,,,,,,,,,,,,,,
3155,6.9,,,,,,,,,,,,,,,,,,,,
3156,6.9,,,,,,,,,,,,,,,,,,,,
3157,6.9,,,,,,,,,,,,,,,,,,,,
3158,6.9,,,,,,,,,,,,,,,,,,,,
3159,6.9,,,,,,,,,,,,,,,,,,,,
3160,6.9,,,,,,,,,,,,,,,,,,,,
3161,6.9,,,,,,,,,,,,,,,,,,,,
3162,6.9,,,,,,,,,,,,,,,,,,,,
3163,6.9,,,,,,,,,,,,,,,,,,,,
3164,6.9,,,,,,,,,,,,,,,,,,,,
3165,6.9,,,,,,,,,,,,,,,,,,,,
3166,6.9,,,,,,,,,,,,,,,,,,,,
3167,6.9,,,,,,,,,,,,,,,,,,,,
3168,6.9,,,,,,,,,,,,,,,,,,,,
3169,6.9,,,,,,,,,,,,,,,,,,,,
3170,6.9,,,,,,,,,,,,,,,,,,,,
3171,6.9,,,,,,,,,,,,,,,,,,,,
3172,6.9,,,,,,,,,,,,,,,,,,,,
3173,6.9,,,,,,,,,,,,,,,,,,,,
3174,6.9,,,,,,,,,,,,,,,,,,,,
3175,6.9,,,,,,,,,,,,,,,,,,,,
3176,6.9,,,,,,,,,,,,,,,,,,,,
3177,6.9,,,,,,,,,,,,,,,,,,,,
3178,6.9,,,,,,,,,,,,,,,,,,,,
3179,6.9,,,,,,,,,,,,,,,,,,,,
3180,6.9,,,,,,,,,,,,,,,,,,,,
3181,6.9,,,,,,,,,,,,,,,,,,,,
3182,6.9,,,,,,,,,,,,,,,,,,,,
3183,6.9,,,,,,,,,,,,,,,,,,,,
3184,6.9,,,,,,,,,,,,,,,,,,,,
3185,6.9,,,,,,,,,,,,,,,,,,,,
3186,6.9,,,,,,,,,,,,,,,,,,,,
3187,6.9,,,,,,,,,,,,,,,,,,,,
3188,6.9,,,,,,,,,,,,,,,,,,,,
3189,6.9,,,,,,,,,,,,,,,,,,,,
3190,6.9,,,,,,,,,,,,,,,,,,,,
3191,6.9,,,,,,,,,,,,,,,,,,,,
3192,6.9,,,,,,,,,,,,,,,,,,,,
3193,6.9,,,,,,,,,,,,,,,,,,,,
3194,6.9,,,,,,,,,,,,,,,,,,,,
3195,6.9,,,,,,,,,,,,,,,,,,,,
3196,6.9,,,,,,,,,,,,,,,,,,,,
3197,6.9,,,,,,,,,,,,,,,,,,,,
3198,6.9,,,,,,,,,,,,,,,,,,,,
3199,6.9,,,,,,,,,,,,,,,,,,,,
3200,6.9,,,,,,,,,,,,,,,,,,,,
3201,6.9,,,,,,,,,,,,,,,,,,,,
3202,6.9,,,,,,,,,,,,,,,,,,,,
3203,6.9,,,,,,,,,,,,,,,,,,,,
3204,6.9,,,,,,,,,,,,,,,,,,,,
3205,6.9,,,,,,,,,,,,,,,,,,,,
3206,6.9,,,,,,,,,,,,,,,,,,,,
3207,6.9,,,,,,,,,,,,,,,,,,,,
3208,6.9,,,,,,,,,,,,,,,,,,,,
3209,6.9,,,,,,,,,,,,,,,,,,,,
3210,6.9,,,,,,,,,,,,,,,,,,,,
3211,6.9,,,,,,,,,,,,,,,,,,,,
3212,6.9,,,,,,,,,,,,,,,,,,,,
3213,6.9,,,,,,,,,,,,,,,,,,,,
3214,6.9,,,,,,,,,,,,,,,,,,,,
3215,6.9,,,,,,,,,,,,,,,,,,,,
3216,6.9,,,,,,,,,,,,,,,,,,,,
3217,6.9,,,,,,,,,,,,,,,,,,,,
3218,7,,,,,,,,,,,,,,,,,,,,
3219,7,,,,,,,,,,,,,,,,,,,,
3220,7,,,,,,,,,,,,,,,,,,,,
3221,7,,,,,,,,,,,,,,,,,,,,
3222,7,,,,,,,,,,,,,,,,,,,,
3223,7,,,,,,,,,,,,,,,,,,,,
3224,7,,,,,,,,,,,,,,,,,,,,
3225,7,,,,,,,,,,,,,,,,,,,,
3226,7,,,,,,,,,,,,,,,,,,,,
3227,7,,,,,,,,,,,,,,,,,,,,
3228,7,,,,,,,,,,,,,,,,,,,,
3229,7,,,,,,,,,,,,,,,,,,,,
3230,7,,,,,,,,,,,,,,,,,,,,
3231,7,,,,,,,,,,,,,,,,,,,,
3232,7,,,,,,,,,,,,,,,,,,,,
3233,7,,,,,,,,,,,,,,,,,,,,
3234,7,,,,,,,,,,,,,,,,,,,,
3235,7,,,,,,,,,,,,,,,,,,,,
3236,7,,,,,,,,,,,,,,,,,,,,
3237,7,,,,,,,,,,,,,,,,,,,,
3238,7,,,,,,,,,,,,,,,,,,,,
3239,7,,,,,,,,,,,,,,,,,,,,
3240,7,,,,,,,,,,,,,,,,,,,,
3241,7,,,,,,,,,,,,,,,,,,,,
3242,7,,,,,,,,,,,,,,,,,,,,
3243,7,,,,,,,,,,,,,,,,,,,,
3244,7,,,,,,,,,,,,,,,,,,,,
3245,7,,,,,,,,,,,,,,,,,,,,
3246,7,,,,,,,,,,,,,,,,,,,,
3247,7,,,,,,,,,,,,,,,,,,,,
3248,7,,,,,,,,,,,,,,,,,,,,
3249,7,,,,,,,,,,,,,,,,,,,,
3250,7,,,,,,,,,,,,,,,,,,,,
3251,7,,,,,,,,,,,,,,,,,,,,
3252,7,,,,,,,,,,,,,,,,,,,,
3253,7,,,,,,,,,,,,,,,,,,,,
3254,7,,,,,,,,,,,,,,,,,,,,
3255,7,,,,,,,,,,,,,,,,,,,,
3256,7,,,,,,,,,,,,,,,,,,,,
3257,7.1,,,,,,,,,,,,,,,,,,,,
3258,7.1,,,,,,,,,,,,,,,,,,,,
3259,7.1,,,,,,,,,,,,,,,,,,,,
3260,7.1,,,,,,,,,,,,,,,,,,,,
3261,7.1,,,,,,,,,,,,,,,,,,,,
3262,7.1,,,,,,,,,,,,,,,,,,,,
3263,7.1,,,,,,,,,,,,,,,,,,,,
3264,7.1,,,,,,,,,,,,,,,,,,,,
3265,7.1,,,,,,,,,,,,,,,,,,,,
3266,7.1,,,,,,,,,,,,,,,,,,,,
3267,7.1,,,,,,,,,,,,,,,,,,,,
3268,7.1,,,,,,,,,,,,,,,,,,,,
3269,7.1,,,,,,,,,,,,,,,,,,,,
3270,7.1,,,,,,,,,,,,,,,,,,,,
3271,7.1,,,,,,,,,,,,,,,,,,,,
3272,7.1,,,,,,,,,,,,,,,,,,,,
3273,7.1,,,,,,,,,,,,,,,,,,,,
3274,7.1,,,,,,,,,,,,,,,,,,,,
3275,7.1,,,,,,,,,,,,,,,,,,,,
3276,7.1,,,,,,,,,,,,,,,,,,,,
3277,7.1,,,,,,,,,,,,,,,,,,,,
3278,7.1,,,,,,,,,,,,,,,,,,,,
3279,7.1,,,,,,,,,,,,,,,,,,,,
3280,7.1,,,,,,,,,,,,,,,,,,,,
3281,7.1,,,,,,,,,,,,,,,,,,,,
3282,7.1,,,,,,,,,,,,,,,,,,,,
3283,7.1,,,,,,,,,,,,,,,,,,,,
3284,7.1,,,,,,,,,,,,,,,,,,,,
3285,7.1,,,,,,,,,,,,,,,,,,,,
3286,7.1,,,,,,,,,,,,,,,,,,,,
3287,7.1,,,,,,,,,,,,,,,,,,,,
3288,7.1,,,,,,,,,,,,,,,,,,,,
3289,7.1,,,,,,,,,,,,,,,,,,,,
3290,7.1,,,,,,,,,,,,,,,,,,,,
3291,7.1,,,,,,,,,,,,,,,,,,,,
3292,7.2,,,,,,,,,,,,,,,,,,,,
3293,7.2,,,,,,,,,,,,,,,,,,,,
3294,7.2,,,,,,,,,,,,,,,,,,,,
3295,7.2,,,,,,,,,,,,,,,,,,,,
3296,7.2,,,,,,,,,,,,,,,,,,,,
3297,7.2,,,,,,,,,,,,,,,,,,,,
3298,7.2,,,,,,,,,,,,,,,,,,,,
3299,7.2,,,,,,,,,,,,,,,,,,,,
3300,7.2,,,,,,,,,,,,,,,,,,,,
3301,7.2,,,,,,,,,,,,,,,,,,,,
3302,7.2,,,,,,,,,,,,,,,,,,,,
3303,7.2,,,,,,,,,,,,,,,,,,,,
3304,7.2,,,,,,,,,,,,,,,,,,,,
3305,7.2,,,,,,,,,,,,,,,,,,,,
3306,7.2,,,,,,,,,,,,,,,,,,,,
3307,7.2,,,,,,,,,,,,,,,,,,,,
3308,7.2,,,,,,,,,,,,,,,,,,,,
3309,7.2,,,,,,,,,,,,,,,,,,,,
3310,7.2,,,,,,,,,,,,,,,,,,,,
3311,7.2,,,,,,,,,,,,,,,,,,,,
3312,7.2,,,,,,,,,,,,,,,,,,,,
3313,7.2,,,,,,,,,,,,,,,,,,,,
3314,7.2,,,,,,,,,,,,,,,,,,,,
3315,7.2,,,,,,,,,,,,,,,,,,,,
3316,7.2,,,,,,,,,,,,,,,,,,,,
3317,7.2,,,,,,,,,,,,,,,,,,,,
3318,7.2,,,,,,,,,,,,,,,,,,,,
3319,7.2,,,,,,,,,,,,,,,,,,,,
3320,7.2,,,,,,,,,,,,,,,,,,,,
3321,7.2,,,,,,,,,,,,,,,,,,,,
3322,7.2,,,,,,,,,,,,,,,,,,,,
3323,7.2,,,,,,,,,,,,,,,,,,,,
3324,7.2,,,,,,,,,,,,,,,,,,,,
3325,7.2,,,,,,,,,,,,,,,,,,,,
3326,7.2,,,,,,,,,,,,,,,,,,,,
3327,7.2,,,,,,,,,,,,,,,,,,,,
3328,7.2,,,,,,,,,,,,,,,,,,,,
3329,7.2,,,,,,,,,,,,,,,,,,,,
3330,7.2,,,,,,,,,,,,,,,,,,,,
3331,7.2,,,,,,,,,,,,,,,,,,,,
3332,7.2,,,,,,,,,,,,,,,,,,,,
3333,7.2,,,,,,,,,,,,,,,,,,,,
3334,7.2,,,,,,,,,,,,,,,,,,,,
3335,7.2,,,,,,,,,,,,,,,,,,,,
3336,7.2,,,,,,,,,,,,,,,,,,,,
3337,7.2,,,,,,,,,,,,,,,,,,,,
3338,7.3,,,,,,,,,,,,,,,,,,,,
3339,7.3,,,,,,,,,,,,,,,,,,,,
3340,7.3,,,,,,,,,,,,,,,,,,,,
3341,7.3,,,,,,,,,,,,,,,,,,,,
3342,7.3,,,,,,,,,,,,,,,,,,,,
3343,7.3,,,,,,,,,,,,,,,,,,,,
3344,7.3,,,,,,,,,,,,,,,,,,,,
3345,7.3,,,,,,,,,,,,,,,,,,,,
3346,7.3,,,,,,,,,,,,,,,,,,,,
3347,7.3,,,,,,,,,,,,,,,,,,,,
3348,7.3,,,,,,,,,,,,,,,,,,,,
3349,7.3,,,,,,,,,,,,,,,,,,,,
3350,7.3,,,,,,,,,,,,,,,,,,,,
3351,7.3,,,,,,,,,,,,,,,,,,,,
3352,7.3,,,,,,,,,,,,,,,,,,,,
3353,7.3,,,,,,,,,,,,,,,,,,,,
3354,7.3,,,,,,,,,,,,,,,,,,,,
3355,7.3,,,,,,,,,,,,,,,,,,,,
3356,7.3,,,,,,,,,,,,,,,,,,,,
3357,7.3,,,,,,,,,,,,,,,,,,,,
3358,7.3,,,,,,,,,,,,,,,,,,,,
3359,7.3,,,,,,,,,,,,,,,,,,,,
3360,7.3,,,,,,,,,,,,,,,,,,,,
3361,7.3,,,,,,,,,,,,,,,,,,,,
3362,7.3,,,,,,,,,,,,,,,,,,,,
3363,7.3,,,,,,,,,,,,,,,,,,,,
3364,7.3,,,,,,,,,,,,,,,,,,,,
3365,7.3,,,,,,,,,,,,,,,,,,,,
3366,7.3,,,,,,,,,,,,,,,,,,,,
3367,7.3,,,,,,,,,,,,,,,,,,,,
3368,7.3,,,,,,,,,,,,,,,,,,,,
3369,7.4,,,,,,,,,,,,,,,,,,,,
3370,7.4,,,,,,,,,,,,,,,,,,,,
3371,7.4,,,,,,,,,,,,,,,,,,,,
3372,7.4,,,,,,,,,,,,,,,,,,,,
3373,7.4,,,,,,,,,,,,,,,,,,,,
3374,7.4,,,,,,,,,,,,,,,,,,,,
3375,7.4,,,,,,,,,,,,,,,,,,,,
3376,7.4,,,,,,,,,,,,,,,,,,,,
3377,7.4,,,,,,,,,,,,,,,,,,,,
3378,7.4,,,,,,,,,,,,,,,,,,,,
3379,7.4,,,,,,,,,,,,,,,,,,,,
3380,7.4,,,,,,,,,,,,,,,,,,,,
3381,7.4,,,,,,,,,,,,,,,,,,,,
3382,7.4,,,,,,,,,,,,,,,,,,,,
3383,7.4,,,,,,,,,,,,,,,,,,,,
3384,7.4,,,,,,,,,,,,,,,,,,,,
3385,7.4,,,,,,,,,,,,,,,,,,,,
3386,7.5,,,,,,,,,,,,,,,,,,,,
3387,7.5,,,,,,,,,,,,,,,,,,,,
3388,7.5,,,,,,,,,,,,,,,,,,,,
3389,7.5,,,,,,,,,,,,,,,,,,,,
3390,7.5,,,,,,,,,,,,,,,,,,,,
3391,7.5,,,,,,,,,,,,,,,,,,,,
3392,7.5,,,,,,,,,,,,,,,,,,,,
3393,7.5,,,,,,,,,,,,,,,,,,,,
3394,7.5,,,,,,,,,,,,,,,,,,,,
3395,7.5,,,,,,,,,,,,,,,,,,,,
3396,7.5,,,,,,,,,,,,,,,,,,,,
3397,7.6,,,,,,,,,,,,,,,,,,,,
3398,7.6,,,,,,,,,,,,,,,,,,,,
3399,7.6,,,,,,,,,,,,,,,,,,,,
3400,7.6,,,,,,,,,,,,,,,,,,,,
3401,7.6,,,,,,,,,,,,,,,,,,,,
3402,7.6,,,,,,,,,,,,,,,,,,,,
3403,7.6,,,,,,,,,,,,,,,,,,,,
3404,7.6,,,,,,,,,,,,,,,,,,,,
3405,7.6,,,,,,,,,,,,,,,,,,,,
3406,7.6,,,,,,,,,,,,,,,,,,,,
3407,7.6,,,,,,,,,,,,,,,,,,,,
3408,7.6,,,,,,,,,,,,,,,,,,,,
3409,7.6,,,,,,,,,,,,,,,,,,,,
3410,7.6,,,,,,,,,,,,,,,,,,,,
3411,7.6,,,,,,,,,,,,,,,,,,,,
3412,7.6,,,,,,,,,,,,,,,,,,,,
3413,7.6,,,,,,,,,,,,,,,,,,,,
3414,7.6,,,,,,,,,,,,,,,,,,,,
3415,7.6,,,,,,,,,,,,,,,,,,,,
3416,7.6,,,,,,,,,,,,,,,,,,,,
3417,7.7,,,,,,,,,,,,,,,,,,,,
3418,7.7,,,,,,,,,,,,,,,,,,,,
3419,7.7,,,,,,,,,,,,,,,,,,,,
3420,7.8,,,,,,,,,,,,,,,,,,,,
3421,7.8,,,,,,,,,,,,,,,,,,,,
3422,7.8,,,,,,,,,,,,,,,,,,,,
3423,7.8,,,,,,,,,,,,,,,,,,,,
3424,7.8,,,,,,,,,,,,,,,,,,,,
3425,7.8,,,,,,,,,,,,,,,,,,,,
3426,7.8,,,,,,,,,,,,,,,,,,,,
3427,7.8,,,,,,,,,,,,,,,,,,,,
3428,7.9,,,,,,,,,,,,,,,,,,,,
3429,7.9,,,,,,,,,,,,,,,,,,,,
3430,7.9,,,,,,,,,,,,,,,,,,,,
3431,7.9,,,,,,,,,,,,,,,,,,,,
3432,8,,,,,,,,,,,,,,,,,,,,
3433,8,,,,,,,,,,,,,,,,,,,,
3434,8,,,,,,,,,,,,,,,,,,,,
3435,8,,,,,,,,,,,,,,,,,,,,
3436,8.1,,,,,,,,,,,,,,,,,,,,
3437,8.2,,,,,,,,,,,,,,,,,,,,
3438,8.4,,,,,,,,,,,,,,,,,,,,
3439,8.4,,,,,,,,,,,,,,,,,,,,
3440,8.4,,,,,,,,,,,,,,,,,,,,
3441,8.4,,,,,,,,,,,,,,,,,,,,
3442,8.4,,,,,,,,,,,,,,,,,,,,
3443,8.6,,,,,,,,,,,,,,,,,,,,
3444,9.4,,,,,,,,,,,,,,,,,,,,
3445,10.9,,,,,,,,,,,,,,,,,,,,
3446,13.9,,,,,,,,,,,,,,,,,,,,
,,,,,,,,,,,,,,,,,,,,,
,,,,,,,,,,,,,,,,,,,,,
,,,,,,,,,,,,,,,,,,,,,
,,,,,,,,,,,,,,,,,,,,,
,,,,,,,,,,,,,,,,,,,,,
